osm_id,name,type,area_m2,dist_m,az_deg,axis_off_deg,axis_along_m,axis_perp_m,ue_x_N_cm,ue_y_E_cm,live_roof_Z_m,dem_grade_Z_m,height_AGL_m,verdict
342874685,Emmet County Courthouse,yes,5411.5,397.2,74.9,104.9,-101.9,384.0,8657,39336,211.32,204.97,6.35,on-grade
556156000,,commercial,4634.5,305.3,105.2,135.2,-216.5,215.3,-9700,30458,,,,
557735191,,school,3931.6,424.8,143.1,173.1,-421.7,51.3,-35668,26520,,,,
556155996,,retail,3869.8,123.5,74.5,104.5,-30.9,119.6,1593,12892,,,,
556152474,,yes,3240.3,143.5,52.5,82.5,18.7,142.3,7016,12378,,,,
559186794,,yes,2361.7,499.1,195.8,-134.2,-347.8,358.0,-49738,-12622,,,,
557735194,,school,2298.2,318.9,128.0,158.0,-295.7,119.6,-21339,26134,,,,
557735198,Petoskey News Review,yes,2053.7,278.3,149.7,179.7,-278.3,1.6,-25739,15044,,,,
510281291,Perry Hotel,yes,1956.1,365.4,54.8,84.8,33.3,363.8,19359,30835,,,,
557735201,,yes,1823.4,265.9,118.5,148.5,-226.8,138.7,-14423,24346,,,,
556152569,,yes,1753.5,203.8,46.9,76.9,46.2,198.5,12212,15872,,,,
557735215,AT&T Petoskey central office,yes,1714.9,472.3,100.9,130.9,-309.5,356.8,-10677,47360,,,,
559186790,,yes,1702.2,654.7,191.3,-138.7,-491.7,432.3,-65910,-11863,,,,
557735192,,yes,1593.6,345.5,137.0,167.0,-336.6,77.8,-26977,24563,,,,
556867541,,yes,1553.2,431.2,56.9,86.9,23.5,430.5,21844,37104,,,,
557735217,Crooked Tree Arts Center - Petoskey,yes,1508.5,406.0,92.7,122.7,-219.4,341.6,-3632,41543,,,,
557735188,,yes,1438.1,322.6,166.2,-163.8,-309.7,90.0,-33042,8680,,,,
556155993,,yes,1334.1,247.1,69.2,99.2,-39.3,244.0,7076,24088,,,,
1288927372,,yes,1273.1,356.7,93.1,123.1,-194.8,298.8,-3645,36603,,,,
559186793,,yes,1197.2,538.0,195.8,-134.2,-374.9,386.0,-53478,-13693,,,,
510276684,Petoskey Police Dept,yes,1119.5,213.4,297.9,-32.1,180.9,113.3,8287,-17864,193.34,180.26,13.08,on-grade
559186789,,yes,1116.4,612.0,198.5,-131.5,-405.9,458.1,-59769,-18384,,,,
557735189,Petoskey Post Office,public,1102.9,339.4,154.3,-175.7,-338.5,25.3,-32291,15726,,,,
557735208,,retail,1092.9,204.6,81.4,111.4,-74.8,190.4,1328,21224,,,,
557735214,Petoskey Public Library,yes,1037.4,435.7,101.3,131.3,-287.7,327.3,-10264,43716,,,,
557735200,,industrial,1002.9,237.1,120.4,150.4,-206.2,117.1,-13718,21439,,,,
543927704,,yes,969.0,228.3,110.6,140.6,-176.5,144.8,-9758,22353,,,,
609308569,,yes,885.5,435.3,194.8,-135.2,-308.8,306.8,-43802,-10136,,,,
559235363,First Presbyterian Church,yes,867.9,465.1,92.7,122.7,-251.0,391.6,-3871,47451,,,,
558923156,Royal Tire,yes,791.8,631.1,270.0,-60.0,315.3,546.6,-1739,-62117,,,,
558953904,,yes,776.4,576.1,269.8,-60.2,286.7,499.7,-1868,-56621,,,,
559235356,,yes,762.4,96.3,20.6,50.6,61.2,74.4,7303,4374,,,,
557735212,,yes,759.8,315.8,135.7,165.7,-306.0,78.0,-24318,23045,,,,
558923136,,yes,753.6,470.4,301.6,-28.4,413.8,223.9,22922,-39087,,,,
557735213,,yes,749.7,453.5,115.1,145.1,-371.8,259.7,-20926,42070,,,,
1288927370,,yes,747.7,278.7,94.3,124.3,-157.0,230.2,-3802,28777,,,,
557735211,City Park Grill,yes,728.1,320.3,85.4,115.4,-137.4,289.3,853,32917,,,,
558923153,,roof,687.3,659.1,264.6,-65.4,273.9,599.4,-7967,-64618,,,,
1288927366,,yes,659.3,178.7,116.2,146.2,-148.5,99.4,-9602,17027,,,,
563397185,,yes,647.0,697.7,279.7,-50.3,446.0,536.6,10078,-67775,,,,
557735202,Grain Train Natural Foods Market,yes,646.1,81.6,166.5,-163.5,-78.2,23.2,-9645,2894,,,,
1288927371,,yes,641.3,333.7,93.3,123.3,-183.0,279.0,-3614,34305,,,,
510276685,Little Traverse Hist. Soc.,yes,630.5,159.3,330.8,0.8,159.3,2.2,12185,-6783,184.55,179.87,4.68,on-grade
557735218,,yes,628.0,258.7,293.1,-36.9,206.9,155.2,8444,-22797,,,,
576882408,First Christian Church,yes,620.6,528.5,250.9,-79.1,99.7,519.0,-19032,-48945,,,,
584727857,,yes,603.4,530.9,80.1,110.1,-182.8,498.4,7369,53296,,,,
559216676,,yes,601.8,397.6,284.9,-45.1,280.4,281.9,8477,-37440,,,,
559216675,,yes,601.6,447.4,283.3,-46.7,306.8,325.7,8567,-42554,,,,
613101548,,yes,589.3,644.2,61.6,91.6,-18.1,644.0,28915,57665,,,,
559186802,,yes,584.9,447.4,261.7,-68.3,165.1,415.8,-8209,-43274,,,,
1288927379,,yes,577.7,157.1,98.9,128.9,-98.7,122.2,-4156,16507,,,,
557735193,,apartments,573.9,401.0,128.0,158.0,-371.8,150.3,-26404,32594,,,,
558923135,,yes,566.2,497.0,297.7,-32.3,419.9,265.9,21348,-43033,,,,
556155994,,yes,565.5,280.7,60.6,90.6,-3.1,280.7,12049,25454,,,,
1288927374,,yes,557.7,85.4,101.7,131.7,-56.9,63.7,-3453,9353,,,,
510501792,Beards Brewery,yes,551.1,86.8,6.3,36.3,69.9,51.4,6907,1942,198.85,188.77,10.08,on-grade
559186786,,yes,547.1,740.3,200.6,-129.4,-469.6,572.3,-70997,-25093,,,,
565537932,,yes,539.8,484.6,92.5,122.5,-260.3,408.7,-3824,49404,,,,
558923159,Latitude 45,yes,537.2,709.0,269.2,-60.8,345.4,619.2,-2763,-69904,,,,
465785898,Petoskey Fire Department,yes,532.6,280.5,291.0,-39.0,217.9,176.7,8317,-25206,,,,
559186804,,retail,525.7,567.2,263.8,-66.2,229.3,518.8,-7801,-55401,,,,
1288927364,,yes,521.1,151.5,120.8,150.8,-132.2,74.0,-9468,14013,,,,
1288927362,,yes,514.7,121.9,128.4,158.4,-113.3,44.9,-9286,10541,,,,
559186797,Mancino's,yes,501.9,329.8,256.8,-73.2,95.2,315.7,-9261,-31111,,,,
559186798,West Marine,retail,495.9,307.2,255.9,-74.1,84.3,295.4,-9188,-28806,,,,
1288927380,,yes,491.7,152.7,91.6,121.6,-80.0,130.0,-2144,16250,,,,
580285464,Lake Street Townhouse Condos,yes,486.8,283.5,277.2,-52.8,171.6,225.7,1858,-27134,,,,
1288927376,,yes,483.4,116.3,100.5,130.5,-75.6,88.4,-3840,12429,,,,
1288927375,,yes,478.7,101.0,102.1,132.1,-67.6,75.0,-3824,10864,,,,
1288927377,,yes,474.6,131.7,99.3,129.3,-83.5,101.8,-3855,13986,,,,
580294804,,yes,473.7,727.6,260.6,-69.4,256.5,680.9,-13549,-70798,,,,
556155995,,yes,472.1,300.0,63.8,93.8,-20.1,299.4,11512,27920,,,,
557735197,A-1 Professional Cleaners,yes,466.8,199.0,160.2,-169.8,-195.9,35.3,-20444,7729,,,,
613101562,,yes,460.4,516.2,137.0,167.0,-503.0,116.0,-39474,36190,,,,
558927441,,yes,458.9,370.4,175.7,-154.3,-333.7,160.7,-38653,3756,,,,
558927440,,yes,458.7,257.7,174.8,-155.2,-233.9,108.2,-27383,3314,,,,
556333722,,yes,456.2,246.5,56.7,86.7,14.4,246.1,11837,21585,,,,
619258609,,yes,449.5,447.4,289.3,-40.7,339.1,291.8,13058,-41238,,,,
558953907,Quick Care,yes,448.0,327.8,266.5,-63.5,146.4,293.3,-3705,-31729,,,,
558927438,,yes,447.8,491.7,106.9,136.9,-359.2,335.7,-16044,48022,,,,
1288927361,,yes,443.1,105.2,135.7,165.7,-101.9,26.0,-9247,8336,,,,
580285461,,yes,440.6,412.9,269.2,-60.8,201.4,360.5,-2299,-40299,,,,
582112922,,yes,436.7,670.5,240.7,-89.3,8.4,670.5,-34514,-57492,,,,
560625257,,yes,424.8,289.9,37.0,67.0,113.3,266.8,21435,18437,,,,
556333718,,yes,424.2,254.9,53.9,83.9,27.1,253.5,13304,21589,,,,
557735216,,yes,411.0,435.9,109.5,139.5,-331.5,283.2,-16262,42086,,,,
1288927363,,yes,410.1,136.1,124.1,154.1,-122.4,59.5,-9343,12262,,,,
558953902,Nagoya,yes,409.0,534.8,269.4,-60.6,262.9,465.7,-2239,-52487,,,,
576959319,,yes,407.3,131.8,290.4,-39.6,101.6,84.0,2881,-11362,,,,
613101547,,yes,406.9,625.0,59.9,89.9,0.8,625.0,29598,55076,,,,
559235351,,yes,403.2,299.9,47.2,77.2,66.7,292.4,18677,22978,,,,
1288927367,,yes,402.3,316.7,94.2,124.2,-178.1,261.9,-4048,32576,,,,
557745072,,yes,401.7,522.2,284.9,-45.1,368.5,370.0,11692,-49479,,,,
609308519,,yes,399.0,352.5,218.7,-111.3,-127.8,328.5,-29214,-21069,,,,
647439439,,yes,397.7,732.8,79.7,109.7,-246.6,690.1,11431,73082,,,,
613101542,,yes,395.2,699.7,52.4,82.4,92.6,693.6,40978,56427,,,,
559186788,Elder Piper Brewing,yes,393.2,682.0,197.9,-132.1,-457.6,505.6,-66630,-19916,,,,
546399785,,yes,392.2,229.6,6.0,36.0,185.7,135.1,21117,3403,,,,
558923131,,yes,390.8,148.3,29.7,59.7,74.9,128.0,11172,8334,,,,
580285462,,yes,387.2,398.8,267.8,-62.2,186.3,352.6,-3215,-38861,,,,
557735204,,yes,380.4,80.8,154.4,-175.6,-80.6,6.3,-9009,4479,,,,
559186800,,yes,378.5,410.8,260.1,-69.9,141.0,385.8,-8794,-39471,,,,
582112927,,yes,375.6,608.6,243.3,-86.7,35.0,607.6,-29065,-53379,,,,
583092177,,yes,374.9,716.0,246.8,-83.2,84.9,710.9,-29912,-64821,,,,
559235353,,yes,374.7,325.0,41.4,71.4,103.6,308.0,22656,22488,,,,
647439413,,yes,373.9,687.8,78.5,108.5,-218.1,652.3,12007,68385,,,,
558923132,,yes,372.0,421.3,62.9,92.9,-21.0,420.8,17508,38481,,,,
584727859,,yes,369.2,475.3,60.6,90.6,-4.8,475.3,21629,42390,,,,
510501790,Staffords Art Gallery,yes,365.3,345.1,46.1,76.1,82.9,335.0,22214,25861,,,,
560625262,,yes,360.2,240.5,35.0,65.0,101.8,217.9,17994,14778,,,,
559216681,,yes,360.0,390.3,111.4,141.4,-305.2,243.3,-15977,37322,,,,
559186806,,retail,357.1,547.1,264.0,-66.0,222.8,499.7,-7402,-53428,,,,
558958178,PNC Bank,yes,354.2,290.9,49.5,79.5,53.3,286.0,17195,23095,,,,
613101549,,yes,353.1,682.6,64.2,94.2,-49.7,680.8,28020,62429,,,,
559186791,,yes,351.2,660.9,188.8,-141.2,-515.3,413.9,-67034,-9087,,,,
558923133,,yes,349.0,435.6,63.9,93.9,-30.0,434.6,17418,40127,,,,
559216680,,yes,345.6,377.3,108.7,138.7,-283.7,248.8,-13839,36722,,,,
576882407,Word of Life Community Church,yes,342.8,638.8,259.7,-70.3,215.1,601.5,-13162,-61858,,,,
609308517,,yes,341.0,317.1,221.9,-108.1,-98.7,301.4,-25330,-20180,,,,
557735209,,yes,340.9,198.8,97.3,127.3,-120.6,158.0,-4257,20706,,,,
613101567,,yes,340.1,466.9,132.1,162.1,-444.4,143.3,-33034,35621,,,,
580294809,,yes,339.7,731.4,256.0,-74.0,201.2,703.2,-19446,-69968,,,,
1288927373,,yes,335.5,73.0,108.1,138.1,-54.3,48.7,-3983,7928,,,,
559235354,,yes,334.8,314.9,43.8,73.8,88.1,302.3,21027,22767,,,,
1288927365,,yes,327.8,162.0,116.7,146.7,-135.3,89.0,-8983,15467,,,,
584727855,salon nouveau vous,yes,324.1,337.8,85.3,115.3,-144.2,305.5,1066,34659,,,,
613101543,,yes,322.0,655.7,53.9,83.9,69.3,652.0,36884,53991,,,,
646863794,,yes,318.8,534.3,62.7,92.7,-25.0,533.7,22801,48462,,,,
559235358,,yes,318.2,112.9,165.8,-164.2,-108.6,30.8,-12661,3753,,,,
649119695,,yes,317.3,567.4,87.4,117.4,-261.0,503.8,871,57667,,,,
580294818,,yes,317.0,374.8,245.2,-84.8,34.0,373.3,-17438,-33036,,,,
556156002,Coldwell Banker,yes,315.9,211.3,128.7,158.7,-196.9,76.8,-14927,17485,,,,
556333719,,yes,313.9,213.6,68.3,98.3,-30.9,211.3,6171,20839,,,,
609308551,,yes,311.1,373.2,187.2,-142.8,-297.3,225.6,-38741,-3681,,,,
559186787,,yes,309.4,719.0,198.5,-131.5,-476.1,538.7,-69884,-21858,,,,
558927439,,yes,307.4,222.5,159.3,-170.7,-219.6,36.1,-22536,8847,,,,
581704377,,yes,306.9,247.8,180.2,-149.8,-214.2,124.6,-26500,911,,,,
647439417,,yes,306.4,573.7,81.8,111.8,-213.2,532.7,6456,57779,,,,
641205154,,yes,305.2,749.6,187.6,-142.4,-594.0,457.3,-76019,-8915,,,,
582112914,,yes,302.0,565.6,239.2,-90.8,-8.3,565.5,-30709,-47568,,,,
641205147,Gold Mine Resale Shop,yes,294.9,693.1,188.6,-141.4,-541.6,432.5,-70246,-9389,,,,
613101566,,yes,294.4,480.3,130.9,160.9,-453.9,157.0,-33173,37284,,,,
613101551,,yes,293.9,740.6,66.5,96.5,-84.5,735.7,27756,68930,,,,
559186795,,yes,293.0,405.1,157.2,-172.8,-401.9,50.7,-39056,16695,,,,
580285491,,yes,291.4,717.9,274.1,-55.9,402.7,594.3,3442,-70616,,,,
643526582,,yes,290.0,651.6,166.9,-163.1,-623.4,189.5,-65183,15748,,,,
584329053,,house,289.6,141.2,198.5,-131.5,-93.6,105.7,-15103,-3485,,,,
647439414,,yes,289.5,583.3,76.4,106.4,-164.4,559.7,12029,57678,,,,
649119698,,yes,289.4,588.6,87.5,117.5,-272.1,521.9,815,59792,,,,
646863806,,yes,288.2,529.6,66.8,96.8,-62.9,525.8,19129,49676,,,,
581704384,,yes,287.1,192.4,170.9,-159.1,-179.8,68.5,-20716,4048,,,,
649119702,,yes,286.8,617.2,87.6,117.6,-285.5,547.2,918,62654,,,,
558923157,Arby's,commercial,284.9,681.4,269.3,-60.7,332.9,594.5,-2607,-67141,,,,
558953906,,yes,284.4,442.9,267.5,-62.5,204.5,392.9,-3650,-43259,,,,
647439418,,yes,282.7,603.4,82.4,112.4,-229.8,557.9,6282,60796,,,,
558923134,,yes,282.4,235.9,335.8,5.8,234.7,23.8,19796,-8683,,,,
559186803,,yes,281.8,490.8,262.1,-67.9,184.6,454.7,-8470,-47619,,,,
577339448,,yes,278.7,650.3,184.5,-145.5,-535.6,368.8,-66537,-4168,,,,
557735205,,yes,278.6,101.5,206.5,-123.5,-56.0,84.6,-10799,-3532,,,,
616472466,,yes,277.5,582.7,204.6,-125.4,-337.7,474.8,-54706,-23245,,,,
641205176,,yes,276.8,697.2,183.1,-146.9,-584.0,380.9,-71334,-2797,,,,
641212203,,yes,276.1,512.6,80.2,110.2,-177.2,481.0,6987,51508,,,,
597468800,,yes,275.1,308.3,110.2,140.2,-236.7,197.5,-12341,29930,,,,
557735199,,yes,274.1,232.9,146.8,176.8,-232.5,13.0,-21204,13745,,,,
643526581,,yes,273.9,656.7,169.3,-160.7,-619.6,217.5,-66253,13135,,,,
646829240,,yes,272.9,583.2,159.8,-170.2,-574.7,99.0,-56435,21152,,,,
613101544,,yes,271.3,619.9,55.7,85.7,46.7,618.2,33235,52194,,,,
584727860,,yes,270.6,461.5,65.9,95.9,-47.3,459.1,17145,43109,,,,
613101555,,yes,269.4,739.6,61.0,91.0,-12.6,739.5,34171,65658,,,,
668918385,,retail,269.3,640.3,264.3,-65.7,263.1,583.7,-8116,-62719,,,,
609308548,,yes,268.7,306.3,184.7,-145.3,-251.9,174.4,-32246,-1520,,,,
651342783,,yes,268.7,678.1,107.1,137.1,-497.0,461.3,-21695,65792,,,,
609308533,,yes,268.5,326.3,202.4,-127.6,-199.1,258.5,-31884,-11446,,,,
559235352,,yes,267.3,336.9,39.8,69.8,116.6,316.1,24189,22536,,,,
580285468,,yes,267.3,305.1,288.0,-42.0,226.7,204.2,7708,-28031,,,,
649596956,,yes,267.1,528.0,98.5,128.5,-328.6,413.3,-9503,53216,,,,
556333723,,yes,266.4,237.2,59.1,89.1,3.8,237.1,10469,21339,,,,
584329052,,yes,266.4,125.5,203.7,-126.3,-74.3,101.1,-13209,-4047,,,,
559216672,,yes,265.1,449.3,297.6,-32.4,379.3,240.9,19087,-38834,,,,
647439393,,yes,264.7,621.4,66.3,96.3,-67.7,617.7,23308,57872,,,,
641205183,,yes,263.8,702.1,168.2,-161.8,-667.0,219.4,-70447,15336,,,,
651342743,,yes,263.5,639.1,108.0,138.0,-474.7,427.9,-21430,61788,,,,
580294810,,yes,262.4,699.7,255.3,-74.7,185.0,674.8,-19438,-66699,,,,
647439397,,yes,261.6,676.5,68.3,98.3,-97.3,669.4,23325,63831,,,,
609308547,,yes,261.2,311.5,188.6,-141.4,-243.6,194.2,-32521,-3643,,,,
651342786,,yes,261.0,744.5,105.8,135.8,-533.8,519.0,-21998,72628,,,,
646863793,,yes,257.8,540.4,61.2,91.2,-11.7,540.3,24288,48367,,,,
613101546,,yes,257.4,592.1,57.6,87.6,24.8,591.6,30014,50979,,,,
609308525,,yes,256.4,420.5,210.3,-119.7,-208.2,365.4,-38016,-20240,,,,
646863816,,yes,256.1,507.9,93.0,123.0,-277.0,425.7,-4415,51707,,,,
613101550,,yes,255.6,709.9,65.4,95.4,-66.5,706.8,27866,65523,,,,
559235357,,yes,251.7,100.8,160.6,-169.4,-99.1,18.5,-11223,4347,,,,
641212204,,yes,251.5,483.0,77.9,107.9,-148.7,459.5,8387,48220,,,,
649119710,,yes,250.3,575.3,92.3,122.3,-307.0,486.5,-3980,58474,,,,
560625259,,yes,249.0,249.8,38.4,68.4,92.1,232.1,17871,16488,,,,
651236587,,yes,248.8,740.7,147.3,177.3,-739.9,35.0,-64041,41018,,,,
584329047,,yes,248.1,185.2,225.1,-104.9,-47.8,179.0,-14803,-12120,,,,
583092189,,yes,247.7,686.2,250.3,-79.7,122.8,675.1,-24841,-63615,,,,
646863800,,yes,246.5,580.6,64.4,94.4,-44.3,578.9,23393,53345,,,,
651342785,,yes,245.6,724.4,106.2,136.2,-522.7,501.5,-21908,70559,,,,
651240059,,yes,245.2,548.7,133.4,163.4,-525.9,156.5,-39437,40836,,,,
580285493,,yes,245.0,668.6,275.5,-54.5,388.2,544.4,4681,-65565,,,,
576959315,,yes,244.5,169.3,285.4,-44.6,120.5,118.9,2777,-15333,,,,
641212189,,yes,242.3,480.7,122.7,152.7,-427.1,220.5,-27681,41439,,,,
581704388,,yes,239.7,303.6,179.0,-151.0,-265.4,147.4,-32073,1501,,,,
559216678,,yes,238.9,419.6,282.4,-47.6,282.9,309.9,7288,-39993,,,,
646378046,,yes,238.9,745.9,152.2,-177.8,-745.3,28.8,-67703,35761,,,,
646829281,,yes,238.9,544.8,151.7,-178.3,-544.6,16.1,-49683,26828,,,,
581704379,,yes,238.6,298.7,175.6,-154.4,-269.3,129.2,-31499,3266,,,,
646829242,,yes,238.1,605.2,156.3,-173.7,-601.5,66.7,-57138,25290,,,,
582112888,,yes,237.5,441.4,241.4,-88.6,11.2,441.2,-22810,-37778,,,,
647439402,,yes,237.0,592.1,71.6,101.6,-119.3,580.0,16951,57182,,,,
1288927368,,yes,236.5,306.2,95.4,125.4,-177.2,249.7,-4580,31478,,,,
559216679,,yes,236.4,374.9,106.6,136.6,-272.2,257.8,-12398,36924,,,,
646829269,,yes,235.0,580.6,151.2,-178.8,-580.4,12.6,-52611,28923,,,,
641205174,,yes,234.9,689.9,184.8,-145.2,-566.3,394.1,-70463,-4821,,,,
613101563,,yes,234.4,504.0,136.1,166.1,-489.2,121.1,-38028,35941,,,,
560625263,,yes,232.8,231.1,31.7,61.7,109.5,203.6,17943,13149,,,,
651342779,,yes,232.7,654.5,118.6,148.6,-558.7,340.8,-33065,58442,,,,
609308534,,yes,230.9,320.7,198.8,-131.2,-211.1,241.4,-32065,-9362,,,,
609308508,,yes,230.1,271.2,202.3,-127.7,-165.8,214.6,-26808,-9306,,,,
584329036,,yes,229.7,171.3,246.1,-83.9,18.3,170.4,-8652,-14675,,,,
647439395,,yes,229.3,613.3,68.4,98.4,-90.0,606.7,20825,58027,,,,
609308572,,yes,227.6,440.6,202.3,-127.7,-269.3,348.7,-42473,-15744,,,,
558923154,Scooby's Bottle Shop,yes,227.5,627.1,264.7,-65.3,262.5,569.5,-7456,-61451,,,,
647439419,,yes,227.4,630.3,82.9,112.9,-245.8,580.5,6022,63548,,,,
593952809,,yes,226.8,190.1,187.7,-142.3,-150.5,116.1,-20555,-1544,,,,
559186805,,yes,226.5,512.5,262.9,-67.1,199.8,472.0,-8013,-49873,,,,
641205148,,yes,226.5,706.9,190.4,-139.6,-538.3,458.1,-71242,-11767,,,,
651236594,,yes,226.5,717.5,140.4,170.4,-707.4,120.1,-56975,46757,,,,
609308543,,yes,224.7,255.6,190.6,-139.4,-194.2,166.2,-26843,-3697,,,,
1288927369,,yes,224.5,294.2,96.0,126.0,-173.1,237.9,-4811,30247,,,,
645291965,,yes,224.3,696.4,163.5,-166.5,-677.0,163.0,-68499,20727,,,,
643526589,,yes,224.1,599.2,164.7,-165.3,-579.6,151.7,-59500,16835,,,,
641212195,,yes,223.1,512.0,113.0,143.0,-408.8,308.2,-21711,48122,,,,
560625258,,yes,222.3,269.7,35.0,65.0,113.9,244.5,20370,16472,,,,
558923160,H&R Block,yes,221.6,737.8,270.4,-59.6,373.1,636.5,-1233,-72790,,,,
643526596,,yes,221.3,496.9,162.2,-167.8,-485.8,104.6,-49017,16219,,,,
576959323,,yes,221.1,110.3,295.3,-34.7,90.6,62.9,2990,-8987,,,,
646829247,,yes,220.8,649.7,148.0,178.0,-649.3,22.5,-56820,35406,,,,
641212200,,yes,219.6,544.3,118.5,148.5,-464.3,284.2,-27714,48815,,,,
580285486,,yes,218.9,631.4,279.7,-50.3,403.0,486.1,8879,-61259,,,,
609308531,,yes,217.1,338.1,207.1,-122.9,-183.7,283.8,-31818,-14402,,,,
559235362,,yes,216.9,144.6,167.0,-163.0,-138.3,42.2,-15806,4252,,,,
580294773,,yes,216.9,503.7,252.8,-77.2,112.0,491.1,-16572,-47136,,,,
580285459,,yes,216.8,385.7,276.7,-53.3,230.2,309.4,2751,-37319,,,,
583389777,,yes,216.5,686.0,239.2,-90.8,-9.0,686.0,-36795,-57964,,,,
609308552,,yes,216.4,383.2,194.4,-135.6,-273.7,268.2,-38825,-8551,,,,
651240051,,yes,216.1,741.3,125.6,155.6,-675.2,306.0,-44887,61254,,,,
616472439,,yes,214.4,527.5,176.7,-153.3,-471.4,236.8,-54380,4051,,,,
580285466,,yes,214.3,341.1,286.4,-43.6,246.9,235.4,7891,-31742,,,,
616472428,,yes,214.0,629.9,177.7,-152.3,-557.6,292.8,-64650,3512,,,,
651233560,,yes,214.0,736.0,101.3,131.3,-485.6,553.0,-16124,73164,,,,
558953905,,yes,213.1,492.7,270.4,-59.6,249.4,425.0,-1367,-48282,,,,
557735195,Citizens Bank,yes,212.0,204.0,152.4,-177.6,-203.8,8.4,-19789,10456,,,,
609308509,,yes,212.0,267.1,199.9,-130.1,-172.2,204.1,-26836,-8078,,,,
581704387,,yes,211.3,186.5,179.8,-150.2,-161.9,92.5,-20361,1070,,,,
616472426,,yes,211.2,576.8,178.3,-151.7,-507.6,273.8,-59367,2660,,,,
651342747,,yes,211.0,594.4,116.0,146.0,-492.7,332.5,-27760,54419,,,,
582112952,,yes,210.2,689.1,245.5,-84.5,66.5,685.9,-30248,-61732,,,,
651233552,,yes,210.2,703.3,102.3,132.3,-473.0,520.5,-16651,69719,,,,
581700482,,yes,210.1,636.9,274.9,-55.1,364.3,522.4,3711,-62463,,,,
647439416,,yes,210.1,575.9,79.6,109.6,-193.2,542.5,8675,57637,,,,
651233528,,yes,209.2,540.2,105.1,135.1,-382.7,381.3,-15791,53142,,,,
646829284,,yes,208.4,485.6,155.3,-174.7,-483.5,45.0,-45836,21271,,,,
580294791,,yes,207.4,427.3,255.0,-75.0,110.5,412.8,-12784,-40286,,,,
651240072,,yes,206.6,570.4,123.2,153.2,-509.4,256.8,-32989,48699,,,,
616472443,,yes,205.9,529.5,182.1,-147.9,-448.5,281.4,-54627,-950,,,,
651342733,,yes,205.8,557.6,110.5,140.5,-430.0,354.9,-21214,53228,,,,
559186792,,yes,205.5,542.5,190.1,-139.9,-414.7,349.7,-55116,-8563,,,,
641212209,,yes,205.4,535.5,75.6,105.6,-143.7,515.9,11636,52852,,,,
647439431,,yes,205.0,674.8,84.1,114.1,-275.3,616.1,5247,68109,,,,
649119733,,yes,204.8,665.8,87.9,117.9,-311.1,588.7,779,67527,,,,
609308550,,yes,204.3,349.5,188.6,-141.4,-273.3,217.9,-36277,-4214,,,,
647439403,,yes,203.5,614.6,72.2,102.2,-130.4,600.6,17024,59524,,,,
651342740,,yes,200.8,602.4,109.4,139.4,-457.1,392.3,-21687,57823,,,,
580285458,,yes,200.2,416.1,276.8,-53.2,249.5,333.1,3236,-40327,,,,
616472431,,yes,200.1,622.0,185.1,-144.9,-508.8,357.8,-63663,-4555,,,,
651240047,,yes,200.1,693.9,128.0,158.0,-643.5,259.6,-44464,55648,,,,
580285463,,yes,199.1,381.0,267.9,-62.1,178.5,336.6,-3085,-37089,,,,
583389781,,yes,198.4,672.3,236.1,-93.9,-46.1,670.7,-39245,-54788,,,,
651240073,,yes,198.1,555.8,124.1,154.1,-500.0,242.7,-32885,47011,,,,
646829256,,yes,197.4,678.3,154.9,-175.1,-675.8,58.0,-63142,29761,,,,
580285470,,yes,197.1,302.0,278.9,-51.1,189.7,235.0,2966,-28843,,,,
651233545,,yes,197.0,655.4,102.9,132.9,-446.4,479.8,-16388,64865,,,,
646829264,,yes,196.6,600.8,161.2,-168.8,-589.3,116.6,-58584,20361,,,,
645291974,,yes,196.5,742.1,164.6,-165.4,-718.3,186.6,-73252,20746,,,,
580285471,,yes,196.4,317.5,278.7,-51.3,198.3,247.9,3060,-30394,,,,
649119730,,yes,196.4,729.0,88.0,118.0,-341.7,643.9,892,73840,,,,
583092188,,yes,196.1,726.9,250.8,-79.2,136.2,714.1,-25626,-67657,,,,
613101572,,yes,196.1,433.1,126.6,156.6,-397.5,172.0,-27540,35755,,,,
616472460,,yes,195.6,525.8,207.8,-122.2,-280.5,444.6,-48244,-23490,,,,
593952792,,yes,195.0,229.6,215.8,-114.2,-94.3,209.3,-20348,-12425,,,,
609308535,,yes,195.0,316.3,196.8,-133.2,-216.5,230.6,-31996,-8157,,,,
559216671,,yes,194.8,472.6,292.8,-37.2,376.3,285.9,16576,-42586,,,,
558953903,Jet's Pizza,yes,194.6,508.0,268.8,-61.2,244.9,445.1,-2760,-49801,,,,
609308527,,yes,194.4,449.9,207.9,-122.1,-239.3,380.9,-41487,-20034,,,,
613101570,,yes,194.3,396.3,130.6,160.6,-373.8,131.7,-27506,31084,,,,
609308574,,yes,194.0,441.5,200.1,-129.9,-283.3,338.7,-43183,-14175,,,,
641205184,,yes,193.6,746.1,168.8,-161.2,-706.3,240.4,-74903,15485,,,,
580294775,,yes,193.3,553.1,251.6,-78.4,111.5,541.7,-19145,-51498,,,,
643526606,,yes,193.1,433.6,164.4,-165.6,-419.9,108.1,-43486,12624,,,,
582112877,,yes,193.0,463.7,250.7,-79.3,86.3,455.6,-17017,-42778,,,,
647439412,,yes,192.7,699.2,75.2,105.2,-183.2,674.8,16161,68588,,,,
609308563,,yes,192.3,391.9,200.3,-129.7,-250.4,301.5,-38477,-12603,,,,
580285469,,yes,191.9,323.1,287.4,-42.6,238.0,218.5,7968,-29831,,,,
646829305,,yes,191.7,529.7,147.3,177.3,-529.1,25.3,-46271,29638,,,,
580285446,,yes,190.0,488.5,275.1,-54.9,281.1,399.5,2649,-47660,,,,
609308559,,yes,189.6,376.6,203.1,-126.9,-226.1,301.2,-36354,-13789,,,,
649119715,,yes,189.5,626.2,92.7,122.7,-338.2,527.0,-4659,63540,,,,
584727858,,yes,189.2,494.4,58.1,88.1,16.6,494.1,24424,42955,,,,
609308499,,yes,189.0,284.5,216.1,-113.9,-115.3,260.1,-24709,-15767,,,,
559216673,,yes,188.7,461.3,295.1,-34.9,378.5,263.8,17871,-40779,,,,
582112920,,yes,188.6,648.5,243.3,-86.7,37.6,647.4,-30828,-56962,,,,
649596957,,yes,188.3,544.3,98.5,128.5,-338.6,426.2,-9730,54828,,,,
649597012,,yes,188.1,728.0,97.0,127.0,-437.8,581.7,-10544,73255,,,,
646378047,,yes,187.6,727.5,155.4,-174.6,-724.3,68.5,-67867,31274,,,,
651342781,,yes,187.5,671.6,118.2,148.2,-570.9,353.6,-33482,60159,,,,
647439398,,yes,187.3,603.7,69.7,99.7,-101.8,595.1,19224,57615,,,,
582112918,,yes,186.4,587.5,241.4,-88.6,14.2,587.3,-29852,-50579,,,,
559216677,,yes,186.3,426.4,285.9,-44.1,305.9,297.0,9931,-40025,,,,
647439396,,yes,185.8,657.3,66.7,96.7,-76.6,652.8,24297,61357,,,,
646829243,,yes,185.4,617.1,153.4,-176.6,-616.0,37.0,-56910,28584,,,,
582112859,,yes,185.1,433.9,249.4,-80.6,70.8,428.1,-16993,-39621,,,,
643459085,,yes,185.1,657.0,212.9,-117.1,-299.0,585.0,-56859,-34721,,,,
651240026,,yes,184.7,644.2,139.2,169.2,-632.7,121.1,-50454,43117,,,,
646829300,,yes,184.4,556.1,139.7,169.7,-547.0,99.9,-44096,36994,,,,
583092187,,yes,184.3,739.6,252.0,-78.0,154.3,723.3,-24521,-69365,,,,
580285494,,yes,183.4,623.3,275.9,-54.1,365.1,505.2,4645,-61015,,,,
646863803,,yes,183.4,528.2,64.3,94.3,-39.9,526.7,21161,48598,,,,
580294822,,yes,183.3,360.7,248.4,-81.6,52.8,356.8,-14982,-32550,,,,
583092216,,yes,182.7,720.2,241.2,-88.8,15.1,720.0,-36410,-62117,,,,
580285472,,yes,182.3,347.1,277.9,-52.1,213.2,273.9,3055,-33388,,,,
609308523,,yes,182.1,392.5,212.6,-117.4,-180.5,348.5,-34774,-20163,,,,
646829259,,yes,182.1,659.8,158.6,-171.4,-652.4,99.0,-63160,25039,,,,
582112897,,yes,181.6,462.5,238.1,-91.9,-15.3,462.2,-26148,-38274,,,,
651240038,,yes,181.4,629.8,132.6,162.6,-601.0,188.1,-44356,47334,,,,
580285473,,yes,180.9,330.4,278.4,-51.6,205.2,259.0,3110,-31697,,,,
583389773,,yes,180.5,624.7,237.6,-92.4,-26.5,624.1,-35221,-51736,,,,
580285447,,yes,180.3,587.6,274.7,-55.3,334.3,483.3,3072,-57577,,,,
649119719,,yes,180.3,666.7,92.4,122.4,-356.9,563.2,-4463,67609,,,,
609308503,,yes,179.8,296.9,210.7,-119.3,-145.1,259.0,-27228,-14188,,,,
609308557,,yes,179.3,302.8,181.6,-148.4,-257.9,158.7,-31988,146,,,,
643526585,,yes,179.3,576.3,171.4,-158.6,-536.7,209.9,-58693,9645,,,,
646829266,,yes,179.3,544.3,158.4,-171.6,-538.4,79.9,-52339,20995,,,,
609308530,,yes,179.1,344.1,209.3,-120.7,-175.5,296.0,-31716,-15870,,,,
641212206,,yes,179.0,489.8,74.2,104.2,-120.4,474.7,11595,48123,,,,
646829282,,yes,178.5,551.2,150.3,-179.7,-551.2,2.9,-49597,28302,,,,
651240057,,yes,178.5,724.9,130.9,160.9,-685.1,236.8,-49209,55750,,,,
560625260,,yes,178.0,255.5,40.4,70.4,85.9,240.6,17753,17536,,,,
613101556,,yes,177.9,736.2,54.2,84.2,74.8,732.4,41386,60674,,,,
556333717,,yes,177.6,195.3,56.8,86.8,10.8,195.0,8965,17340,,,,
616472435,,yes,177.6,443.6,176.1,-153.9,-398.4,195.2,-45977,4009,,,,
649597011,,yes,177.3,706.4,97.0,127.0,-425.0,564.3,-10309,71106,,,,
651240025,,yes,177.2,629.3,140.7,170.7,-621.1,101.7,-50418,40850,,,,
580294772,,yes,176.5,497.5,254.6,-75.4,125.5,481.4,-14917,-46976,,,,
584329041,,yes,176.4,200.0,228.0,-102.0,-41.7,195.6,-15108,-13868,,,,
646863807,,yes,176.4,500.9,68.5,98.5,-74.1,495.4,16640,47598,,,,
556156003,,house,176.2,514.3,120.0,150.0,-445.6,256.9,-27460,45515,,,,
583092217,,yes,175.8,713.9,242.2,-87.8,27.9,713.4,-34965,-62188,,,,
580294814,,yes,175.6,600.6,283.0,-47.0,409.5,439.3,11784,-57535,,,,
584329040,,yes,175.4,212.6,230.8,-99.2,-34.1,209.8,-15164,-15474,,,,
649597007,,yes,175.3,692.2,97.2,127.2,-418.5,551.4,-10389,69669,,,,
580294805,,yes,175.0,740.9,261.0,-69.0,266.0,691.5,-13255,-72195,,,,
647439404,,yes,174.8,630.6,73.0,103.0,-141.6,614.5,16751,61286,,,,
646829252,,yes,174.7,699.1,151.0,-179.0,-699.0,11.8,-62840,34913,,,,
647439429,,yes,174.4,682.0,81.7,111.7,-252.4,633.6,8108,68482,,,,
651233551,,yes,174.3,688.2,102.5,132.5,-464.8,507.6,-16588,68186,,,,
651342768,,yes,174.3,691.0,123.4,153.4,-617.7,309.7,-39725,58696,,,,
609308514,,yes,173.0,289.9,225.2,-104.8,-74.3,280.2,-22161,-19566,,,,
583389774,,yes,172.9,619.4,235.3,-94.7,-51.0,617.2,-36996,-49914,,,,
613101571,,yes,172.9,421.2,127.5,157.5,-389.3,160.9,-27382,34393,,,,
580294783,,yes,172.8,492.7,256.0,-74.0,136.1,473.5,-13602,-46822,,,,
645291968,,yes,172.8,729.1,159.9,-170.1,-718.2,125.3,-70179,26052,,,,
581704378,,yes,172.7,228.5,180.7,-149.3,-196.4,116.6,-24561,712,,,,
643526603,,yes,172.7,427.0,170.9,-159.1,-399.0,152.0,-43873,7779,,,,
651240066,,yes,172.6,606.2,128.9,158.9,-565.7,217.9,-39811,48142,,,,
646863820,,yes,172.0,523.4,93.0,123.0,-284.9,439.0,-4443,53256,,,,
651342778,,yes,171.6,637.0,119.3,149.3,-547.7,325.3,-32888,56545,,,,
641212207,,yes,171.4,494.4,72.9,102.9,-110.5,481.9,12807,48254,,,,
641212199,,yes,171.3,532.4,119.5,149.5,-458.9,270.0,-27962,47316,,,,
651363917,,yes,171.3,728.4,117.8,147.8,-616.6,387.8,-35727,65401,,,,
580294788,,yes,171.2,444.6,255.2,-74.8,116.4,429.1,-13092,-41986,,,,
641205172,,yes,171.0,722.1,184.4,-145.6,-595.5,408.3,-73705,-4597,,,,
651342756,,yes,171.0,647.3,113.8,143.8,-522.2,382.6,-27807,60234,,,,
616472446,,yes,170.6,505.3,186.5,-143.5,-406.2,300.6,-51924,-4733,,,,
651240049,,yes,170.4,715.0,126.5,156.5,-655.8,284.8,-44271,58446,,,,
609308528,,yes,170.3,469.3,206.9,-123.1,-256.4,393.1,-43574,-20239,,,,
647439411,,yes,169.3,705.8,73.6,103.6,-165.4,686.2,18269,68685,,,,
584329046,,yes,169.2,161.2,212.9,-117.1,-73.4,143.5,-15245,-7765,,,,
580285465,,yes,169.1,355.7,285.7,-44.3,254.6,248.5,7906,-33256,,,,
616472425,,yes,169.0,571.3,180.8,-149.2,-490.7,292.5,-58842,193,,,,
651342742,,yes,168.8,627.6,108.4,138.4,-469.6,416.4,-21570,60530,,,,
582112911,,yes,168.7,629.4,249.6,-80.4,105.1,620.5,-23636,-58006,,,,
643526607,,yes,168.5,438.8,162.4,-167.6,-428.5,94.3,-43543,14247,,,,
643459088,,yes,168.4,653.9,208.6,-121.4,-340.4,558.3,-59106,-30342,,,,
580285485,,yes,168.2,632.7,282.4,-47.6,426.9,467.0,11910,-60798,,,,
580294813,,yes,168.0,663.2,260.0,-70.0,226.7,623.3,-13243,-64325,,,,
609308505,,yes,167.2,285.9,208.3,-121.7,-150.3,243.2,-26896,-12559,,,,
584727861,,yes,166.5,469.3,63.4,93.4,-27.5,468.5,19328,42933,,,,
613101564,,yes,166.4,501.2,134.6,164.6,-483.1,133.3,-36894,36690,,,,
593952790,,yes,166.3,222.2,212.5,-117.5,-102.5,197.1,-20448,-10957,,,,
649597004,,yes,166.3,675.2,97.3,127.3,-409.4,536.9,-10322,67957,,,,
593952788,,yes,166.2,206.7,206.1,-123.9,-115.3,171.6,-20282,-8101,,,,
646829297,,yes,165.9,537.9,142.2,172.2,-533.0,72.6,-44245,33925,,,,
609308515,,yes,165.8,299.7,223.4,-106.6,-85.4,287.2,-23476,-19612,,,,
580285490,,yes,165.1,736.8,274.7,-55.3,419.4,605.7,4319,-72438,,,,
651236591,,yes,165.0,675.6,144.3,174.3,-672.2,67.3,-56570,40429,,,,
616472436,,yes,164.7,474.3,176.9,-153.1,-423.1,214.3,-49074,3586,,,,
584329043,,yes,164.3,168.9,217.6,-112.4,-64.5,156.2,-15108,-9310,,,,
609308526,,yes,164.3,436.3,208.7,-121.3,-226.6,372.8,-39982,-19963,,,,
583389794,,yes,163.8,569.7,231.2,-98.8,-86.8,563.0,-37387,-43426,,,,
646829261,,yes,163.8,631.9,161.4,-168.6,-619.5,124.5,-61588,21186,,,,
649596959,,yes,163.4,558.6,98.4,128.4,-347.3,437.6,-9914,56250,,,,
651342754,,yes,163.4,633.8,114.1,144.1,-513.5,371.4,-27614,58834,,,,
649119736,,yes,163.3,705.3,88.2,118.2,-333.4,621.5,491,71484,,,,
643526565,,yes,163.2,720.5,209.4,-120.6,-366.7,620.2,-64479,-34386,,,,
641212188,,yes,162.8,469.2,120.5,150.5,-408.4,230.9,-25541,41410,,,,
582112899,,yes,162.7,523.1,237.1,-92.9,-26.1,522.4,-30101,-42945,,,,
649119734,,yes,162.5,685.9,87.7,117.7,-318.7,607.3,1048,69525,,,,
583092180,,yes,162.1,732.8,246.9,-83.1,88.7,727.5,-30410,-66442,,,,
609308512,,yes,162.1,277.3,227.1,-102.9,-61.9,270.3,-20596,-19322,,,,
609308542,,yes,162.1,233.4,192.2,-137.8,-173.0,156.7,-24535,-3934,,,,
580285492,,yes,161.5,701.3,274.6,-55.4,398.2,577.3,3902,-68914,,,,
651363916,,yes,161.5,721.2,116.7,146.7,-602.6,396.3,-34086,65440,,,,
559186807,,yes,161.4,529.5,263.7,-66.3,212.8,484.8,-7524,-51636,,,,
583389772,,yes,161.3,633.8,238.4,-91.6,-17.7,633.5,-34928,-52986,,,,
613101575,,yes,161.2,445.3,125.6,155.6,-405.6,183.7,-27654,37181,,,,
646863814,,yes,161.1,492.3,86.1,116.1,-216.6,442.0,1624,50105,,,,
643526583,,yes,161.0,633.9,173.6,-156.4,-580.8,253.9,-64711,8042,,,,
646829272,,yes,160.8,605.8,146.5,176.5,-604.6,36.8,-52241,34406,,,,
560625256,,yes,160.3,306.0,35.8,65.8,125.6,279.0,23112,18871,,,,
646863802,,yes,160.2,570.9,66.1,96.1,-60.3,567.7,21442,53170,,,,
580285489,,yes,160.1,721.1,278.2,-51.8,445.5,566.9,8521,-70384,,,,
584727854,,yes,160.1,326.8,82.7,112.7,-126.1,301.5,2439,33405,,,,
651236599,,yes,159.9,733.8,135.0,165.0,-708.8,189.9,-53605,52879,,,,
583389780,,yes,159.8,699.5,236.8,-93.2,-39.5,698.4,-40059,-57516,,,,
609308518,,yes,159.8,325.4,219.5,-110.5,-114.2,304.7,-26837,-19690,,,,
580294774,,yes,159.7,569.4,251.7,-78.3,115.4,557.6,-19604,-53065,,,,
643526600,,yes,159.7,483.7,170.0,-160.0,-454.5,165.5,-49352,9385,,,,
649596962,,yes,159.7,601.2,97.5,127.5,-365.9,477.0,-9555,60598,,,,
651236590,,yes,159.3,700.4,145.4,175.4,-698.2,55.7,-59394,40728,,,,
651363918,,yes,159.3,736.3,115.1,145.1,-604.2,420.8,-33002,67645,,,,
647439435,,yes,159.1,730.5,84.2,114.2,-298.9,666.6,5727,73663,,,,
689231703,,yes,159.1,438.4,273.2,-56.8,239.8,367.0,699,-42785,,,,
646829291,,yes,159.0,497.1,148.8,178.8,-497.0,10.5,-44234,26751,,,,
651240068,,yes,158.7,594.8,126.9,156.9,-547.2,233.3,-37443,48551,,,,
580285467,,yes,158.6,361.4,289.2,-40.8,273.8,236.0,10198,-33133,,,,
580294797,,yes,158.5,566.2,258.8,-71.2,182.5,536.0,-12707,-54552,,,,
582112943,,yes,158.3,535.5,245.4,-84.6,50.5,533.1,-23996,-47702,,,,
559235360,,yes,158.2,129.3,165.2,-164.8,-124.8,33.9,-14217,4297,,,,
583092179,,yes,158.1,744.3,247.1,-82.9,92.5,738.5,-30635,-67592,,,,
643526608,,yes,158.1,444.0,160.8,-169.2,-436.2,83.0,-43640,15606,,,,
649596971,,yes,158.1,574.3,100.4,130.4,-371.9,437.6,-12042,57480,,,,
616472464,,yes,157.9,564.2,205.6,-124.4,-318.5,465.7,-52587,-23416,,,,
609308506,,yes,157.8,279.6,205.2,-124.8,-159.6,229.5,-27016,-10904,,,,
641212190,,yes,157.6,493.6,121.8,151.8,-435.2,233.0,-27756,42926,,,,
651240035,,yes,156.7,593.2,135.3,165.3,-573.7,150.6,-43871,42723,,,,
593952798,,yes,156.6,257.4,219.4,-110.6,-90.7,240.9,-21612,-15340,,,,
641212186,,yes,156.6,422.1,106.3,136.3,-305.4,291.4,-13589,41496,,,,
616472441,,yes,156.5,536.9,172.0,-158.0,-497.8,201.2,-54885,8453,,,,
646829293,,yes,156.2,511.7,146.0,176.0,-510.5,35.9,-44126,29627,,,,
649119724,,yes,156.1,724.9,92.3,122.3,-386.9,613.0,-4571,73424,,,,
646863812,,yes,155.9,560.5,70.2,100.2,-99.0,551.7,17296,53714,,,,
649119720,,yes,155.7,688.3,92.2,122.2,-366.9,582.4,-4370,69770,,,,
651240058,,yes,155.6,734.5,130.4,160.4,-692.0,246.1,-49345,56902,,,,
646829270,,yes,155.3,591.4,149.0,179.0,-591.3,10.2,-52416,31437,,,,
647439433,,yes,155.2,710.8,83.9,113.9,-288.1,649.8,5825,71668,,,,
647439410,,yes,154.8,715.2,71.6,101.6,-143.5,700.7,20891,68844,,,,
651342741,,yes,154.8,613.1,108.9,138.9,-462.2,402.9,-21596,58991,,,,
584329055,,yes,154.7,136.0,183.9,-146.1,-112.9,75.7,-15281,77,,,,
616472442,,yes,154.4,525.6,180.3,-149.7,-453.6,265.5,-54271,673,,,,
580285457,,yes,153.7,432.0,276.8,-53.2,258.9,345.8,3420,-41902,,,,
641212202,,yes,153.6,496.5,80.9,110.9,-177.4,463.7,6105,50023,,,,
646829276,,yes,153.6,601.1,143.3,173.3,-597.0,70.2,-49911,36917,,,,
580294787,,yes,153.4,458.5,255.5,-74.5,122.9,441.7,-13163,-43408,,,,
641212191,,yes,153.2,507.2,121.2,151.2,-444.2,244.7,-27955,44393,,,,
580285453,,yes,153.1,538.2,277.5,-52.5,327.9,426.8,5346,-52368,,,,
647439422,,yes,153.1,634.0,79.9,109.9,-215.4,596.3,9446,63402,,,,
646829267,,yes,152.6,555.3,156.3,-173.7,-551.9,61.3,-52575,23273,,,,
643526588,,yes,152.5,589.6,165.8,-164.2,-567.2,161.0,-58885,15410,,,,
647439436,,yes,152.5,734.2,82.3,112.3,-278.6,679.3,8125,73749,,,,
580285488,,yes,152.4,665.0,279.1,-50.9,419.2,516.2,8779,-64673,,,,
643526580,,yes,152.4,657.4,174.2,-155.8,-599.4,269.9,-67119,7590,,,,
651233540,,yes,152.3,599.0,104.1,134.1,-416.5,430.5,-16258,59094,,,,
643526597,,yes,152.2,492.3,164.6,-165.4,-476.3,124.5,-49185,14026,,,,
646829241,,yes,152.0,596.6,157.9,-172.1,-590.9,81.8,-56985,23451,,,,
651240063,,yes,151.9,574.0,131.2,161.2,-543.5,184.6,-39552,44149,,,,
651342784,,yes,151.4,701.5,106.6,136.6,-509.4,482.3,-21710,68231,,,,
641205145,,yes,151.2,413.7,188.1,-141.9,-325.8,255.0,-42682,-4808,,,,
558923155,,yes,150.9,629.2,263.6,-66.4,252.0,576.5,-8713,-61538,,,,
613101565,,yes,150.8,492.0,132.9,162.9,-470.3,144.6,-35213,37022,,,,
616472471,,yes,150.8,617.4,210.8,-119.2,-300.9,539.1,-54728,-30653,,,,
651342776,,yes,150.7,605.9,121.0,151.0,-530.1,293.6,-32943,52918,,,,
582112875,,yes,150.6,469.2,249.4,-80.6,76.3,463.0,-18260,-42917,,,,
609308558,,yes,150.6,383.8,206.0,-124.0,-214.5,318.3,-36206,-15856,,,,
646829292,,yes,150.6,501.5,147.3,177.3,-501.0,23.8,-43909,28101,,,,
646829290,,yes,150.5,488.0,150.0,180.0,-488.0,0.1,-43975,25398,,,,
584329050,,yes,150.4,198.3,236.0,-94.0,-13.7,197.8,-12793,-15457,,,,
559186796,,yes,150.2,390.6,155.7,-174.3,-388.6,39.0,-37323,17042,,,,
836112914,Tom & Dick's Grocery,yes,150.2,658.8,185.2,-144.8,-538.1,380.1,-67322,-5017,,,,
649596999,,yes,149.9,648.8,97.2,127.2,-392.0,517.0,-9819,65363,,,,
651240029,,yes,149.6,678.6,135.9,165.9,-658.2,165.1,-50463,48200,,,,
651240062,,yes,149.5,563.8,132.3,162.3,-537.2,171.1,-39680,42671,,,,
643459082,,yes,149.4,679.4,211.8,-118.2,-320.6,599.0,-59431,-34860,,,,
647439415,,yes,149.3,578.0,78.3,108.3,-181.1,548.9,10049,57585,,,,
651240034,,yes,149.3,596.9,138.3,168.3,-584.4,121.2,-46268,40708,,,,
651240033,,yes,149.1,583.2,136.5,166.5,-567.0,136.4,-44002,41158,,,,
581704385,,yes,148.8,187.4,174.5,-155.5,-170.5,77.8,-20375,2775,,,,
609308532,,yes,148.6,333.0,204.7,-125.3,-192.3,271.9,-31966,-12940,,,,
580294795,,yes,148.4,521.7,258.0,-72.0,161.4,496.1,-12539,-50041,,,,
651342744,,yes,148.3,645.1,109.9,139.9,-493.5,415.3,-23690,61638,,,,
609308529,,yes,148.2,485.0,205.6,-124.4,-274.3,400.0,-45468,-19934,,,,
643526595,,yes,148.2,524.7,162.4,-167.6,-512.4,113.0,-51737,16823,,,,
582112883,,yes,148.1,488.5,244.2,-85.8,35.4,487.2,-23007,-42973,,,,
651342769,,yes,148.1,704.0,122.7,152.7,-625.3,323.3,-39703,60258,,,,
581704381,,yes,147.9,389.9,162.7,-167.3,-380.4,85.5,-38934,12602,,,,
651342762,,yes,147.6,629.0,124.2,154.2,-566.2,273.9,-37051,53024,,,,
580285452,,yes,147.4,537.5,274.6,-55.4,305.5,442.2,2627,-52582,,,,
616472424,,yes,147.3,574.5,183.1,-146.9,-481.1,313.9,-59076,-2135,,,,
580294812,,yes,147.2,680.0,260.4,-69.6,236.5,637.6,-13113,-66049,,,,
649119722,,yes,147.2,705.7,92.2,122.2,-376.0,597.3,-4413,71513,,,,
651240028,,yes,147.1,666.2,136.9,166.9,-648.9,151.1,-50358,46518,,,,
616472430,,yes,146.8,645.0,180.4,-149.6,-556.6,326.0,-66219,588,,,,
651342746,,yes,146.7,581.3,117.1,147.1,-487.9,316.0,-28166,52755,,,,
616472461,,yes,146.5,560.6,208.5,-121.5,-292.6,478.2,-50965,-25788,,,,
643526584,,yes,146.5,576.7,173.9,-156.1,-527.2,233.9,-59067,7091,,,,
609308571,,yes,146.4,469.5,201.3,-128.7,-293.3,366.6,-45445,-16096,,,,
651342749,,yes,146.2,607.6,115.5,145.5,-500.8,344.2,-27876,55834,,,,
646829299,,yes,146.0,545.2,140.9,170.9,-538.3,86.5,-44004,35398,,,,
651240037,,yes,146.0,617.1,133.5,163.5,-591.8,175.1,-44214,45741,,,,
643459080,,yes,145.6,730.1,216.4,-113.6,-292.7,668.9,-60510,-42300,,,,
645291967,,yes,145.5,695.8,160.3,-169.7,-684.5,124.8,-67234,24404,,,,
643526599,,yes,145.4,486.7,168.1,-161.9,-462.7,151.1,-49339,11037,,,,
651342793,,yes,145.2,698.0,112.0,142.0,-550.3,429.4,-27907,65694,,,,
582112864,,yes,145.1,422.2,246.5,-83.5,47.5,419.5,-18581,-37716,,,,
609308546,,yes,145.1,256.8,185.7,-144.3,-208.4,150.0,-27264,-1579,,,,
643459077,,yes,145.1,719.0,220.2,-109.8,-243.5,676.5,-56633,-45424,,,,
1288927378,,yes,145.0,143.9,100.8,130.8,-94.1,108.8,-4422,15121,,,,
613101569,,yes,144.9,387.2,133.4,163.4,-371.1,110.6,-28325,29121,,,,
643526610,,yes,144.9,465.1,159.6,-170.4,-458.6,77.7,-45315,17187,,,,
580285445,,yes,144.7,440.8,271.4,-58.6,229.7,376.2,-635,-43076,,,,
646829279,,yes,144.6,533.9,154.5,-175.5,-532.2,42.1,-49912,23960,,,,
643459107,,yes,144.3,637.2,202.5,-127.5,-388.0,505.5,-60594,-23383,,,,
582112947,,yes,144.1,545.2,243.0,-87.0,28.4,544.4,-26475,-47579,,,,
643526587,,yes,143.9,585.2,167.6,-162.4,-557.7,177.1,-58873,13537,,,,
560625261,,yes,143.6,260.0,42.8,72.8,76.9,248.3,17363,18649,,,,
713685583,,yes,143.4,577.1,280.7,-49.3,376.2,437.7,8982,-55724,,,,
584329057,,yes,143.3,140.1,173.9,-156.1,-128.1,56.7,-15645,2488,,,,
580294807,,yes,142.8,710.3,260.6,-69.4,249.6,665.0,-13351,-69076,,,,
582112866,,yes,142.6,429.1,244.5,-85.5,33.4,427.8,-20216,-37731,,,,
651240036,,yes,142.5,604.8,134.5,164.5,-582.9,161.4,-44122,44113,,,,
646829251,,yes,142.4,706.9,150.0,-180.0,-706.9,0.5,-62964,36292,,,,
580294779,,yes,142.1,602.8,256.9,-73.1,175.2,576.8,-15385,-57720,,,,
556333720,,yes,142.0,220.7,62.1,92.1,-7.9,220.5,8626,20482,,,,
584727867,,yes,142.0,320.8,251.6,-78.4,64.4,314.2,-11850,-29442,,,,
583389775,,yes,141.9,599.2,236.3,-93.7,-38.2,598.0,-34929,-48888,,,,
646829265,,yes,141.7,523.0,157.0,-173.0,-519.1,63.9,-49862,21409,,,,
646829262,,yes,141.6,617.3,161.8,-168.2,-604.3,125.9,-60343,20305,,,,
651342782,,yes,141.6,682.5,117.3,147.3,-574.3,368.7,-33019,61635,,,,
643459104,,yes,141.5,683.0,201.1,-128.9,-428.7,531.6,-65424,-23617,,,,
646863826,,yes,141.2,522.2,89.4,119.4,-256.2,455.0,-1150,53205,,,,
616472453,,yes,141.0,544.7,202.0,-128.0,-335.7,428.9,-52234,-19370,,,,
651236588,,yes,140.1,720.4,146.3,176.3,-718.9,46.1,-61665,40931,,,,
609308524,,yes,140.0,407.1,211.6,-118.4,-193.6,358.2,-36391,-20347,,,,
643526586,,yes,139.9,581.3,169.3,-160.7,-548.7,192.2,-58840,11780,,,,
641212205,,yes,139.4,486.3,75.5,105.5,-130.2,468.6,10438,48080,,,,
643459102,,yes,139.2,704.7,202.1,-127.9,-432.8,556.1,-67003,-25528,,,,
646829248,,yes,138.8,658.3,146.7,176.7,-657.2,37.6,-56748,37108,,,,
559216674,,yes,138.5,435.5,299.9,-30.1,376.6,218.8,19963,-36785,,,,
616472423,,yes,138.5,571.1,185.6,-144.4,-464.3,332.6,-58553,-4595,,,,
643459094,,yes,138.4,680.9,207.4,-122.6,-366.5,573.8,-62148,-30380,,,,
643459103,,yes,138.3,700.4,201.0,-129.0,-440.6,544.4,-67092,-24125,,,,
580294796,,yes,138.2,550.1,258.4,-71.6,173.9,521.9,-12750,-52902,,,,
651236598,,yes,138.2,718.0,135.9,165.9,-696.5,174.5,-53304,50929,,,,
609308566,,yes,138.1,388.2,197.9,-132.1,-260.2,288.1,-38652,-10956,,,,
641205181,,yes,138.1,694.6,174.8,-155.2,-630.4,291.6,-70891,7253,,,,
651240060,,yes,137.8,533.5,131.2,161.2,-505.0,172.1,-36843,41139,,,,
651240039,,yes,137.0,638.4,131.6,161.6,-605.8,201.4,-44112,48725,,,,
651342772,,yes,136.8,701.8,120.3,150.3,-609.9,347.2,-37170,61553,,,,
609308560,,yes,136.5,408.0,204.8,-125.2,-234.9,333.6,-38742,-16155,,,,
582112862,,yes,136.4,414.2,248.3,-81.7,60.0,409.8,-17012,-37501,,,,
651342765,,yes,136.4,660.2,124.1,154.1,-594.0,288.3,-38742,55654,,,,
643459087,,yes,136.3,643.9,213.5,-116.5,-287.3,576.3,-55409,-34549,,,,
651342739,,yes,136.2,587.6,109.5,139.5,-446.9,381.5,-21343,56374,,,,
583389790,,yes,136.1,547.7,232.9,-97.1,-67.2,543.5,-34713,-42718,,,,
584727866,,yes,136.0,390.9,242.7,-87.3,18.1,390.5,-19674,-33732,,,,
582112909,,yes,135.6,517.4,238.5,-91.5,-13.4,517.3,-28740,-43136,,,,
584727856,,yes,135.6,459.2,108.1,138.1,-342.0,306.4,-16014,44629,,,,
643526566,,yes,135.6,727.3,210.6,-119.4,-356.6,633.9,-64297,-36073,,,,
646829255,,yes,135.6,678.9,153.7,-176.3,-677.5,43.6,-62564,31090,,,,
582112929,,yes,135.5,627.9,245.3,-84.7,58.5,625.1,-27907,-56073,,,,
609308511,,yes,135.5,245.8,201.2,-128.8,-154.0,191.6,-24631,-7908,,,,
581704386,,yes,135.1,211.8,181.0,-149.0,-181.6,109.0,-22895,636,,,,
651233533,,yes,134.9,571.4,104.8,134.8,-402.6,405.4,-16307,56231,,,,
647439408,,yes,134.6,653.1,73.6,103.6,-154.0,634.7,16680,63659,,,,
559186799,The UPS Store,retail,134.5,391.8,260.1,-69.9,134.3,368.0,-8484,-37600,,,,
651240045,,yes,134.4,670.9,129.5,159.5,-628.6,234.5,-44430,52727,,,,
643526609,,yes,134.3,447.9,158.7,-171.3,-442.7,68.1,-43461,17225,,,,
651236592,,yes,134.3,684.6,143.5,173.5,-680.2,77.4,-56756,41703,,,,
609308537,,yes,134.1,367.3,207.7,-122.3,-196.1,310.6,-34230,-16101,,,,
651233542,,yes,133.7,615.9,103.7,133.7,-425.8,445.0,-16338,60821,,,,
646829260,,yes,133.3,646.5,161.9,-168.1,-632.6,133.5,-63177,21056,,,,
580294794,,yes,133.2,535.5,258.4,-71.6,169.3,508.1,-12459,-51473,,,,
643526605,,yes,133.2,429.4,166.6,-163.4,-411.6,122.4,-43479,10969,,,,
616472438,,yes,133.1,507.5,176.7,-153.3,-453.6,227.7,-52383,3955,,,,
582112886,,yes,132.8,503.7,241.6,-88.4,14.4,503.5,-25640,-43332,,,,
641212198,,yes,132.8,526.3,115.1,145.1,-431.5,301.3,-24017,48662,,,,
651240064,,yes,132.4,585.9,130.1,160.1,-550.8,199.7,-39433,45825,,,,
582112949,,yes,132.1,558.3,246.9,-83.1,66.8,554.3,-23647,-50355,,,,
580294817,,yes,131.8,582.5,283.3,-46.7,399.6,423.8,11700,-55691,,,,
645291970,,yes,131.8,744.6,160.0,-170.0,-733.2,129.9,-71710,26402,,,,
616472437,,yes,131.1,493.6,177.0,-153.0,-439.6,224.5,-51009,3532,,,,
651236593,,yes,131.1,705.5,141.3,171.3,-697.5,106.4,-56800,45075,,,,
582112907,,yes,130.9,510.9,239.5,-90.5,-4.2,510.9,-27625,-43043,,,,
646863822,,yes,130.8,511.3,86.5,116.5,-227.9,457.7,1434,52019,,,,
641212187,,yes,130.6,446.2,105.9,135.9,-320.5,310.4,-13956,43897,,,,
643459084,,yes,130.3,689.2,211.1,-118.9,-333.1,603.4,-60733,-34606,,,,
616472462,,yes,130.1,547.2,206.4,-123.6,-303.1,455.6,-50742,-23316,,,,
584727864,,yes,130.0,486.6,235.8,-94.2,-35.9,485.3,-29088,-39239,,,,
616472440,,yes,130.0,525.6,178.5,-151.5,-461.8,250.9,-54255,2354,,,,
583092214,,yes,129.9,736.3,239.6,-90.4,-5.0,736.2,-38964,-62518,,,,
641212210,,yes,129.9,529.3,77.3,107.3,-157.2,505.4,9942,52623,,,,
647439425,,yes,129.6,626.7,77.3,107.3,-186.2,598.4,12076,62122,,,,
582112945,,yes,129.5,540.2,244.3,-85.7,40.3,538.6,-25155,-47674,,,,
641205177,,yes,129.5,693.0,181.7,-148.3,-589.4,364.6,-70985,-1116,,,,
649119717,,yes,129.5,613.6,91.8,121.8,-323.4,521.4,-3657,62317,,,,
616472429,,yes,129.4,649.4,178.2,-151.8,-572.4,306.7,-66625,3050,,,,
582112890,,yes,129.3,449.5,239.0,-91.0,-7.7,449.4,-24851,-37545,,,,
616472427,,yes,129.1,596.9,177.6,-152.4,-528.9,276.7,-61359,3472,,,,
643526591,,yes,129.1,543.4,167.3,-162.7,-518.9,161.2,-54714,12977,,,,
651233538,,yes,129.0,585.1,104.2,134.2,-407.8,419.5,-16059,57714,,,,
584329037,,yes,128.7,177.3,243.1,-86.9,9.5,177.1,-9748,-14819,,,,
651342796,,yes,128.7,735.0,111.1,141.1,-571.9,461.7,-28159,69569,,,,
580285456,,yes,128.6,443.3,276.5,-53.5,263.7,356.3,3302,-43051,,,,
580285454,,yes,128.4,556.7,275.3,-54.7,321.9,454.2,3454,-54442,,,,
582112885,,yes,128.4,493.9,242.6,-87.4,22.7,493.3,-24420,-42867,,,,
641212193,,yes,128.3,478.2,114.2,144.2,-387.8,279.7,-21315,44606,,,,
558923130,Dr Carl F Powers,yes,128.2,376.8,156.9,-173.1,-374.1,45.0,-36366,15797,,,,
651233557,,yes,128.2,721.8,102.1,132.1,-484.2,535.3,-16880,71559,,,,
583389770,,yes,128.1,742.4,237.8,-92.2,-29.0,741.9,-41322,-61808,,,,
651342770,,yes,127.9,709.8,121.6,151.6,-624.3,337.7,-38899,61455,,,,
651342795,,yes,127.4,720.8,111.6,141.6,-564.7,448.0,-28223,68023,,,,
643459100,,yes,127.2,723.9,205.0,-125.0,-415.2,593.1,-67322,-29612,,,,
651240046,,yes,127.0,680.9,128.7,158.7,-634.2,247.9,-44243,54166,,,,
643459093,,yes,126.9,635.3,205.5,-124.5,-359.6,523.7,-59047,-26383,,,,
609308522,,yes,126.4,377.0,213.4,-116.6,-168.9,337.1,-33194,-19757,,,,
584329054,,yes,126.3,139.3,190.3,-139.7,-106.2,90.2,-15423,-1508,,,,
580294780,,yes,126.1,606.6,255.5,-74.5,162.1,584.6,-16907,-57738,,,,
584329042,,yes,126.1,179.1,220.5,-109.5,-59.9,168.8,-15342,-10629,,,,
580294781,,yes,126.0,642.2,256.2,-73.8,179.0,616.8,-17055,-61370,,,,
580294789,,yes,125.7,399.6,253.0,-77.0,89.8,389.4,-13407,-37224,,,,
643459092,,yes,125.7,642.6,206.8,-123.2,-352.3,537.4,-59097,-27932,,,,
651240050,,yes,125.5,723.7,125.7,155.7,-659.8,297.3,-43986,59727,,,,
582112903,,yes,125.4,502.4,234.6,-95.4,-47.6,500.1,-30842,-39945,,,,
643526598,,yes,125.4,490.1,166.2,-163.8,-470.5,137.0,-49318,12650,,,,
651233549,,yes,125.2,670.6,102.9,132.9,-456.4,491.3,-16674,66357,,,,
582112913,,yes,125.0,585.8,248.1,-81.9,82.2,580.0,-23595,-53351,,,,
646863808,,yes,124.4,527.8,69.7,99.7,-89.2,520.2,16568,50506,,,,
651236600,,yes,124.4,741.2,134.4,164.4,-713.7,199.8,-53535,53984,,,,
580294816,,yes,124.3,598.6,281.8,-48.2,398.8,446.4,10500,-57607,,,,
663563651,,yes,124.3,424.2,121.2,151.2,-371.7,204.4,-23682,37279,,,,
582112872,,yes,124.0,483.0,246.3,-83.7,52.9,480.1,-21135,-43231,,,,
651233531,,yes,123.9,558.4,105.1,135.1,-395.5,394.2,-16256,54907,,,,
646863811,,yes,123.8,545.1,70.2,100.2,-96.2,536.6,16785,52266,,,,
651240027,,yes,123.6,654.5,138.0,168.0,-640.3,136.0,-50366,44778,,,,
583389789,,yes,123.3,574.2,234.5,-95.5,-55.3,571.5,-35079,-45743,,,,
593952811,,yes,122.8,190.8,191.5,-138.5,-142.9,126.4,-20415,-2813,,,,
641205151,,yes,122.8,720.2,187.8,-142.2,-568.8,441.8,-73067,-8824,,,,
651240076,,yes,122.4,520.4,126.1,156.1,-475.8,210.7,-32386,43029,,,,
583389795,,yes,122.3,561.0,234.3,-95.7,-56.0,558.2,-34472,-44551,,,,
583092176,,yes,122.1,705.5,245.6,-84.4,69.3,702.1,-30816,-63280,,,,
643526593,,yes,122.1,538.9,163.1,-166.9,-525.0,121.8,-53269,16689,,,,
649596985,,yes,122.1,633.9,97.5,127.5,-385.6,503.2,-9952,63846,,,,
641205156,,yes,121.8,744.7,192.5,-137.5,-548.9,503.3,-74417,-15154,,,,
646829296,,yes,121.8,527.1,143.1,173.1,-523.3,62.9,-43890,32603,,,,
580294821,,yes,121.7,356.2,250.9,-79.1,67.4,349.8,-13370,-32671,,,,
593952794,,yes,121.7,238.2,218.7,-111.3,-86.7,221.9,-20313,-13890,,,,
646863824,,yes,121.4,526.8,87.0,117.0,-239.3,469.3,1021,53597,,,,
616472432,,yes,121.0,604.3,185.4,-144.6,-492.7,349.9,-61883,-4672,,,,
651342777,,yes,120.9,617.8,120.2,150.2,-536.0,307.2,-32777,54398,,,,
649119712,,yes,120.8,598.6,92.6,122.6,-322.6,504.2,-4441,60785,,,,
580285449,,yes,120.7,498.5,278.0,-52.0,307.1,392.7,5241,-48375,,,,
583389785,,yes,120.7,623.2,232.5,-97.5,-81.8,617.8,-39687,-48420,,,,
616472447,,yes,120.7,537.2,185.6,-144.4,-436.9,312.6,-55185,-4237,,,,
330120962,Bear River Shelter,yes,120.2,350.3,233.6,-96.4,-39.2,348.1,-22519,-27198,,,,
580285455,,yes,120.2,573.9,277.0,-53.0,345.8,458.0,5328,-55967,,,,
580285474,,yes,120.2,332.4,274.2,-55.8,186.9,274.8,727,-32155,,,,
641205152,,yes,119.9,733.8,187.8,-142.2,-580.0,449.6,-74424,-8948,,,,
616472454,,yes,119.5,558.3,201.4,-128.6,-348.4,436.3,-53698,-19372,,,,
646829244,,yes,118.5,618.6,152.2,-177.8,-618.1,23.9,-56439,29827,,,,
583389788,,yes,118.4,584.5,235.1,-94.9,-50.0,582.4,-35169,-46945,,,,
651236595,,yes,117.9,724.8,138.9,168.9,-711.3,139.3,-56350,48616,,,,
651240075,,yes,117.8,543.8,124.8,154.8,-492.2,231.1,-32786,45614,,,,
580285478,,yes,117.2,483.8,277.8,-52.2,296.8,382.1,4885,-46941,,,,
713685584,,yes,116.7,561.1,281.2,-48.8,369.4,422.3,9160,-54057,,,,
651240043,,yes,116.3,701.1,132.6,162.6,-669.1,209.6,-49176,52600,,,,
580294820,,yes,116.2,355.3,252.9,-77.1,79.6,346.3,-12140,-32976,,,,
593952808,,yes,116.1,232.0,205.6,-124.4,-131.2,191.4,-22646,-9029,,,,
580294777,,yes,115.8,615.4,254.2,-75.8,150.8,596.6,-18482,-58217,,,,
649596964,,yes,115.2,617.6,97.7,127.7,-378.0,488.5,-10026,62192,,,,
643526604,,yes,115.1,427.3,168.4,-161.6,-405.5,134.8,-43571,9590,,,,
580294815,,yes,114.7,596.5,280.2,-49.8,385.2,455.5,8874,-57715,,,,
643459083,,yes,114.4,701.5,212.9,-117.1,-319.3,624.6,-60596,-37138,,,,
646829271,,yes,114.2,599.7,148.0,178.0,-599.3,20.6,-52589,32740,,,,
651240032,,yes,114.2,683.2,138.4,168.4,-669.2,137.4,-52804,46347,,,,
643526590,,yes,114.1,616.1,165.1,-164.9,-594.8,160.7,-61257,16816,,,,
580285481,,yes,114.0,534.9,281.7,-48.3,356.0,399.3,9152,-51388,,,,
582112933,,yes,113.0,628.6,242.3,-87.7,25.3,628.1,-30928,-54672,,,,
613101574,,yes,113.0,432.7,122.8,152.8,-384.7,198.0,-25128,37374,,,,
583389778,,yes,112.9,672.5,239.4,-90.6,-6.7,672.5,-35917,-56915,,,,
616472459,,yes,112.5,511.4,208.1,-121.9,-270.2,434.2,-46824,-23104,,,,
616472470,,yes,112.1,616.0,212.2,-117.8,-286.9,545.1,-53816,-31867,,,,
663212851,,yes,112.1,665.6,274.0,-56.0,372.6,551.6,2969,-65408,,,,
576960782,,yes,112.0,716.6,235.8,-94.2,-53.0,714.6,-42039,-58248,,,,
580285487,,yes,112.0,678.4,279.6,-50.4,432.1,523.0,9556,-65903,,,,
641205150,,yes,111.8,705.3,188.1,-141.9,-555.1,435.1,-71548,-8935,,,,
580285476,,yes,111.6,312.3,274.3,-55.7,175.9,258.1,615,-30155,,,,
641205146,,yes,111.5,709.3,192.5,-137.5,-522.8,479.3,-70957,-14383,,,,
643459101,,yes,110.9,695.0,202.9,-127.1,-419.1,554.4,-65731,-26062,,,,
609308549,,yes,110.7,328.7,186.7,-143.3,-263.6,196.2,-34360,-2821,,,,
580285444,,yes,110.6,509.7,270.8,-59.2,261.0,437.8,-999,-49973,,,,
643526602,,yes,110.6,494.5,172.7,-157.3,-456.2,190.9,-50763,7268,,,,
651240048,,yes,110.3,705.1,127.3,157.3,-650.7,271.7,-44481,57055,,,,
616472468,,yes,110.2,605.9,207.9,-122.1,-322.0,513.3,-55266,-27367,,,,
583389787,,yes,110.1,612.9,231.7,-98.3,-88.9,606.4,-39736,-47078,,,,
649596968,,yes,110.1,615.5,99.6,129.6,-392.5,474.1,-12000,61676,,,,
616472448,,yes,109.9,522.3,186.3,-143.7,-420.8,309.3,-53625,-4752,,,,
643459105,,yes,109.8,669.7,201.5,-128.5,-417.2,523.9,-64037,-23518,,,,
582112956,,yes,109.6,665.5,250.7,-79.3,124.1,653.9,-23658,-61843,,,,
651240031,,yes,109.6,693.8,137.3,167.3,-676.8,152.4,-52714,48029,,,,
643526601,,yes,109.2,482.0,171.8,-158.2,-447.6,178.8,-49420,7888,,,,
641205179,,yes,109.1,691.6,178.8,-151.2,-606.2,333.0,-70863,2464,,,,
641212194,,yes,109.1,491.0,113.3,143.3,-393.6,293.6,-21127,46095,,,,
646829246,,yes,109.0,635.1,149.7,179.7,-635.1,2.9,-56572,32993,,,,
643459106,,yes,108.2,654.8,201.9,-128.1,-404.0,515.3,-62465,-23437,,,,
641205171,,yes,107.6,739.0,184.6,-145.4,-608.5,419.4,-75383,-4900,,,,
593952796,,yes,107.4,246.7,222.7,-107.3,-73.4,235.6,-19848,-15741,,,,
609308501,,yes,107.4,305.9,214.0,-116.0,-134.2,274.9,-27082,-16104,,,,
580285477,,yes,107.3,380.5,273.3,-56.7,208.8,318.1,457,-36998,,,,
582112939,,yes,107.3,606.5,246.4,-83.6,67.6,602.7,-26000,-54586,,,,
643526594,,yes,106.8,526.9,164.3,-165.7,-510.7,129.9,-52436,15279,,,,
646829250,,yes,106.7,687.8,148.8,178.8,-687.7,14.9,-60525,36662,,,,
580294819,,yes,106.6,338.0,251.9,-78.1,69.7,330.8,-12219,-31140,,,,
1288927381,,yes,106.2,69.9,92.0,122.0,-37.0,59.3,-1956,7979,,,,
582112931,,yes,106.0,632.5,244.1,-85.9,45.6,630.8,-29303,-55920,,,,
616472469,,yes,105.6,611.9,209.5,-120.5,-310.5,527.3,-54969,-29146,,,,
609308521,,yes,105.5,368.7,214.2,-115.8,-160.5,332.0,-32211,-19734,,,,
643459109,,yes,105.3,619.1,203.1,-126.9,-371.6,495.1,-58653,-23309,,,,
643526578,,yes,105.2,747.0,212.6,-117.4,-344.3,662.9,-64677,-39202,,,,
646378048,,yes,105.0,745.5,156.4,-173.6,-740.9,82.8,-70014,30866,,,,
556333721,,yes,104.2,228.2,62.5,92.5,-10.0,228.0,8816,21236,,,,
583389782,,yes,104.2,664.3,235.0,-95.0,-57.7,661.8,-39808,-53438,,,,
651363931,,yes,104.1,742.3,119.7,149.7,-641.2,374.1,-38538,65446,,,,
646829257,,yes,103.9,672.4,156.2,-173.8,-668.4,73.1,-63258,28077,,,,
646829280,,yes,103.8,541.9,153.5,-176.5,-540.9,33.1,-50214,25166,,,,
580294806,,yes,103.3,746.0,259.3,-70.7,246.8,704.0,-15542,-72321,,,,
647439424,,yes,103.3,615.3,77.0,107.0,-179.8,588.4,12137,60941,,,,
646829278,,yes,103.2,575.7,146.3,176.3,-574.6,37.0,-49625,32920,,,,
649119729,,yes,103.1,729.5,89.1,119.1,-354.7,637.5,-558,73934,,,,
563397183,,yes,102.9,635.6,288.3,-41.7,474.3,423.0,18214,-59360,,,,
651342751,,yes,102.3,622.4,115.1,145.1,-510.5,356.1,-28120,57353,,,,
580294776,,yes,102.2,595.8,252.8,-77.2,132.1,580.9,-19319,-55926,,,,
580285451,,yes,102.1,509.8,274.9,-55.1,291.6,418.2,2624,-49807,,,,
584329038,,yes,102.1,187.4,239.9,-90.1,-0.3,187.4,-11111,-15224,,,,
609308538,,yes,102.0,356.4,203.6,-126.4,-211.4,286.9,-34368,-13288,,,,
580294799,,yes,101.9,580.9,259.3,-70.7,192.5,548.1,-12453,-56098,,,,
647439438,,yes,101.9,738.2,81.1,111.1,-265.7,688.8,9717,73924,,,,
647439405,,yes,101.3,637.5,71.8,101.8,-129.9,624.1,18244,61536,,,,
651342792,,yes,101.3,690.1,110.0,140.0,-528.7,443.6,-25320,65841,,,,
641205182,,yes,101.2,720.3,171.4,-158.6,-670.4,263.4,-72945,11704,,,,
649119728,,yes,101.2,733.8,90.5,120.5,-372.0,632.5,-2304,74365,,,,
651233544,,yes,101.2,629.2,103.8,133.8,-435.1,454.5,-16677,62105,,,,
647439432,,yes,101.1,695.8,84.2,114.2,-284.7,634.9,5371,70211,,,,
651342764,,yes,100.6,647.9,126.1,156.1,-592.2,262.9,-39853,53369,,,,
646829245,,yes,100.5,626.0,151.1,-178.9,-625.9,12.0,-56520,31252,,,,
651342773,,yes,100.5,623.0,122.9,152.9,-554.7,283.5,-35581,53284,,,,
582112905,,yes,100.2,514.2,235.7,-94.3,-39.0,512.7,-30728,-41463,,,,
609308540,,yes,99.8,341.7,197.9,-132.1,-228.9,253.7,-34219,-9534,,,,
580294778,,yes,99.6,614.4,252.8,-77.2,135.9,599.1,-19904,-57692,,,,
651240055,,yes,99.4,697.4,129.6,159.6,-653.8,242.8,-46196,54710,,,,
646829274,,yes,99.2,625.0,144.6,174.6,-622.3,58.5,-52678,37174,,,,
651233547,,yes,99.2,653.3,100.8,130.8,-426.5,494.8,-13907,65169,,,,
576959321,,yes,99.1,146.3,283.2,-46.8,100.2,106.7,1624,-13256,,,,
651240056,,yes,98.9,712.6,131.8,161.8,-677.0,222.5,-49218,54107,,,,
651240077,,yes,98.7,505.4,127.5,157.5,-467.0,193.3,-32497,41079,,,,
582112924,,yes,98.6,685.1,255.0,-75.0,177.8,661.6,-19396,-65196,,,,
582112894,,yes,98.3,481.9,241.5,-88.5,12.2,481.8,-24745,-41343,,,,
643459078,,yes,98.3,741.8,221.0,-109.0,-241.9,701.2,-57727,-47638,,,,
616472467,,yes,98.2,601.3,206.8,-123.2,-328.9,503.4,-55371,-26154,,,,
613101568,,yes,98.0,480.0,134.6,164.6,-462.8,127.4,-35429,35162,,,,
651342761,,yes,97.7,662.2,113.8,143.8,-534.3,391.2,-28428,61589,,,,
651240054,,yes,97.5,746.1,130.0,160.0,-700.9,255.6,-49638,58175,,,,
583389792,,yes,97.4,591.9,233.2,-96.8,-70.1,587.7,-37173,-46402,,,,
651342738,,yes,97.3,572.3,110.0,140.0,-438.6,367.8,-21308,54767,,,,
584727865,,yes,96.9,471.2,236.6,-93.4,-28.0,470.4,-27659,-38348,,,,
641205173,,yes,96.6,708.8,184.8,-145.2,-581.7,404.9,-72340,-4993,,,,
580294786,,yes,96.4,441.7,257.7,-72.3,134.2,420.8,-11139,-42162,,,,
580285480,,yes,96.3,519.4,282.1,-47.9,348.2,385.4,9173,-49797,,,,
583389784,,yes,96.2,634.1,234.0,-96.0,-66.3,630.6,-38984,-50307,,,,
641205180,,yes,95.8,691.8,177.3,-152.7,-614.6,317.7,-70824,4204,,,,
643459079,,yes,95.7,740.6,217.3,-112.7,-286.3,683.1,-60666,-43847,,,,
580285448,,yes,95.5,587.6,276.9,-53.1,352.9,469.8,5355,-57340,,,,
582112916,,yes,95.5,552.0,241.8,-88.2,17.1,551.7,-27816,-47646,,,,
580294811,,yes,95.4,749.3,257.8,-72.2,228.5,713.6,-17600,-72232,,,,
651240074,,yes,94.9,533.4,125.5,155.5,-485.4,221.1,-32696,44409,,,,
646829285,,yes,94.8,496.4,153.9,-176.1,-495.3,33.4,-46283,22860,,,,
663212850,,yes,94.4,656.7,275.4,-54.6,380.2,535.4,4441,-64386,,,,
583389767,,yes,94.1,696.9,251.5,-78.5,138.7,682.9,-23851,-65088,,,,
647439406,,yes,94.0,650.5,72.4,102.4,-139.4,635.4,17984,62984,,,,
582112954,,yes,93.7,676.9,248.5,-81.5,99.7,669.6,-26562,-61978,,,,
580285484,,yes,93.6,544.3,281.6,-48.4,361.1,407.3,9185,-52338,,,,
651363930,,yes,93.3,735.5,118.8,148.8,-629.1,381.2,-37134,65456,,,,
649119704,,yes,92.7,612.7,89.6,119.6,-303.0,532.6,-1324,62261,,,,
646829294,,yes,92.6,518.7,144.6,174.6,-516.4,49.2,-43972,31073,,,,
616472456,,yes,92.2,570.4,200.7,-129.3,-361.2,441.4,-55069,-19172,,,,
593952806,,yes,92.1,244.6,210.2,-119.8,-121.7,212.2,-22865,-11305,,,,
646829253,,yes,92.1,692.5,152.5,-177.5,-691.8,29.9,-63125,32993,,,,
649596969,,yes,91.8,651.2,99.2,129.2,-411.7,504.6,-12137,65271,,,,
651342745,,yes,91.4,568.8,114.6,144.6,-463.8,329.3,-25416,52700,,,,
643459089,,yes,91.0,667.6,207.9,-122.1,-354.7,565.6,-60715,-30255,,,,
583399474,restrooms,yes,90.9,255.0,251.7,-78.3,51.8,249.7,-9715,-23219,,,,
559235355,,yes,90.7,306.6,44.6,74.6,81.4,295.6,20114,22520,,,,
576959317,,yes,90.7,160.1,279.0,-51.0,100.8,124.4,795,-14825,,,,
582112926,,yes,90.7,671.7,257.0,-73.0,196.3,642.4,-16831,-64459,,,,
643526592,,yes,90.2,545.9,165.9,-164.1,-525.1,149.4,-54660,14312,,,,
647439421,,yes,90.1,610.7,79.4,109.4,-202.9,576.0,9509,61015,,,,
609308541,,yes,90.0,339.5,196.1,-133.9,-235.5,244.4,-34336,-8403,,,,
649597001,,yes,89.7,661.3,97.0,127.0,-397.9,528.3,-9759,66633,,,,
647439426,,yes,89.6,644.4,77.4,107.4,-192.5,615.0,12366,63877,,,,
580294792,,yes,89.1,391.3,255.9,-74.1,107.2,376.3,-11249,-36959,,,,
651236589,,yes,88.6,726.2,143.0,173.0,-720.8,88.9,-59692,44727,,,,
583092215,,yes,88.2,734.1,240.5,-89.5,6.5,734.1,-37861,-62908,,,,
616472451,,yes,88.2,524.2,202.1,-127.9,-322.1,413.5,-50287,-18714,,,,
582112860,,yes,88.1,442.0,247.4,-82.6,56.7,438.3,-18719,-39808,,,,
584329045,,yes,87.9,149.6,215.8,-114.2,-61.4,136.4,-13851,-7756,,,,
558927436,,church,87.7,743.7,278.8,-51.2,465.6,579.9,9616,-72511,,,,
582112874,,yes,87.5,480.3,247.3,-82.7,61.1,476.4,-20249,-43323,,,,
584329044,,yes,87.5,139.7,218.9,-111.1,-50.2,130.3,-12583,-7783,,,,
675533443,,grandstand,87.2,255.2,11.9,41.9,189.9,170.6,23257,6267,,,,
616472450,,yes,87.1,516.9,203.1,-126.9,-310.0,413.6,-49245,-19328,,,,
580294798,,yes,87.0,596.7,259.6,-70.4,200.0,562.2,-12505,-57692,,,,
646829273,,yes,86.9,616.6,145.5,175.5,-614.7,48.5,-52525,35922,,,,
582112868,,yes,86.6,444.6,246.3,-83.7,48.9,441.9,-19571,-39723,,,,
580285475,,yes,85.7,300.8,274.5,-55.5,170.3,247.9,636,-28995,,,,
593952800,,yes,85.5,266.7,217.8,-112.2,-100.9,246.9,-22798,-15345,,,,
643459081,,yes,85.5,722.2,215.3,-114.7,-301.3,656.4,-60626,-40791,,,,
646829275,,yes,84.6,616.0,144.1,174.1,-612.7,63.1,-51625,37090,,,,
643459097,,yes,84.0,696.6,207.1,-122.9,-378.8,584.6,-63749,-30701,,,,
583389776,,yes,83.7,644.1,236.6,-93.4,-37.7,643.0,-37129,-52806,,,,
616472433,,yes,83.7,594.8,185.6,-144.4,-483.7,346.0,-60911,-4791,,,,
580294793,,yes,83.6,502.2,258.0,-72.0,155.3,477.6,-12141,-48133,,,,
651342766,,yes,82.7,682.3,124.3,154.3,-614.8,295.9,-40164,57352,,,,
580285483,,yes,82.5,552.1,281.3,-48.7,364.0,415.0,9061,-53154,,,,
649596961,,yes,82.4,585.9,98.3,128.3,-363.5,459.5,-10221,58960,,,,
647439437,,yes,82.1,710.9,81.7,111.7,-262.9,660.5,8546,71335,,,,
646829286,,yes,81.8,503.7,152.5,-177.5,-503.3,22.3,-46412,24224,,,,
647439401,,yes,81.6,632.7,69.6,99.6,-105.0,623.9,20387,60273,,,,
651240042,,yes,81.6,633.7,135.2,165.2,-612.7,161.7,-46694,45634,,,,
580285450,,yes,81.3,513.6,277.8,-52.2,314.9,405.7,5269,-49892,,,,
613101573,,yes,81.3,419.7,124.4,154.4,-378.7,181.1,-25455,35607,,,,
583389786,,yes,80.9,604.0,234.1,-95.9,-62.6,600.8,-37175,-47910,,,,
651342775,,yes,80.9,641.2,121.8,151.8,-565.2,302.8,-35519,55476,,,,
616472465,,yes,80.8,581.6,207.9,-122.1,-309.0,492.7,-53109,-26231,,,,
646829303,,yes,80.6,556.6,143.8,173.8,-553.3,59.9,-46638,33847,,,,
651240067,,yes,80.4,581.5,127.6,157.6,-537.7,221.4,-37206,47051,,,,
646863796,,yes,80.1,551.4,63.5,93.5,-33.5,550.4,22905,50330,,,,
584329051,,yes,79.9,205.8,233.6,-96.4,-23.1,204.5,-13940,-15566,,,,
647439400,,yes,79.7,624.7,70.1,100.1,-109.6,615.0,19543,59728,,,,
580285495,,yes,79.6,618.9,274.8,-55.2,353.1,508.2,3451,-60679,,,,
647439409,,yes,77.7,657.1,71.1,101.1,-126.9,644.8,19532,63175,,,,
645291969,,yes,77.6,704.2,158.6,-171.4,-696.4,104.8,-67263,26738,,,,
584329056,,yes,77.1,115.7,182.8,-147.2,-97.3,62.7,-13272,426,,,,
651342734,,yes,77.1,563.8,112.0,142.0,-444.5,346.9,-22868,53256,,,,
581704382,,yes,76.9,384.7,165.3,-164.7,-371.2,101.3,-38925,10775,,,,
646829289,,yes,76.8,521.6,149.0,179.0,-521.5,9.4,-46409,27884,,,,
646829288,,yes,76.1,515.3,150.2,-179.8,-515.3,1.6,-46426,26618,,,,
649119732,,yes,75.3,669.4,89.7,119.7,-331.2,581.7,-1314,67927,,,,
641205175,,yes,74.6,720.5,181.9,-148.1,-611.4,381.2,-73725,-1451,,,,
643459099,,yes,74.4,712.7,206.3,-123.7,-395.8,592.7,-65627,-30550,,,,
647439394,,yes,74.2,632.8,67.8,97.8,-86.4,626.9,22151,59601,,,,
651233555,,yes,74.1,718.7,100.1,130.1,-462.8,549.9,-14297,71756,,,,
646829268,,yes,74.0,567.5,153.5,-176.5,-566.5,34.4,-52497,26334,,,,
646863795,,yes,74.0,558.7,62.4,92.4,-23.7,558.2,24138,50514,,,,
582112937,,yes,73.8,589.8,243.8,-86.2,39.0,588.5,-27760,-51930,,,,
649119700,,yes,72.6,590.2,89.5,119.5,-290.8,513.5,-1224,60005,,,,
582112870,,yes,72.2,448.7,249.7,-80.3,75.9,442.3,-17258,-41103,,,,
649119708,,yes,72.1,589.3,90.4,120.4,-298.3,508.2,-2137,59915,,,,
599966101,,stadium,72.0,247.4,13.9,43.9,178.2,171.7,22299,6954,,,,
649119726,,yes,71.7,691.6,90.5,120.5,-350.5,596.2,-2260,70150,,,,
641212192,,yes,71.2,470.1,116.8,146.8,-393.5,257.3,-22927,42947,,,,
651240044,,yes,71.2,683.4,131.0,161.0,-646.1,222.6,-46544,52574,,,,
584329049,,yes,70.9,188.9,233.6,-96.4,-21.1,187.8,-12932,-14214,,,,
646829301,,yes,70.9,571.0,141.3,171.3,-564.3,86.8,-46249,36722,,,,
646829254,,yes,70.8,668.3,152.6,-177.4,-667.6,30.0,-61031,31775,,,,
581704383,,yes,70.4,216.6,171.5,-158.5,-201.6,79.3,-23138,4207,,,,
609308565,,yes,68.9,376.8,199.4,-130.6,-245.1,286.2,-37253,-11540,,,,
582112881,,yes,68.8,467.0,244.7,-85.3,38.2,465.5,-21678,-41233,,,,
582112950,,yes,68.7,684.5,246.9,-83.1,82.1,679.6,-28582,-61969,,,,
651240030,,yes,68.6,665.2,140.5,170.5,-656.2,109.4,-53073,43271,,,,
646829249,,yes,68.4,671.2,147.4,177.4,-670.5,30.7,-58247,37171,,,,
582112879,,yes,67.4,458.4,247.2,-82.8,57.1,454.8,-19515,-41254,,,,
645291973,,yes,67.4,749.2,163.1,-166.9,-729.8,169.3,-73387,22822,,,,
583389783,,yes,67.2,654.6,234.4,-95.6,-63.6,651.5,-39799,-52254,,,,
663563654,,yes,67.1,382.9,127.2,157.2,-353.0,148.4,-24872,31491,,,,
643526579,,yes,66.8,734.0,211.5,-118.5,-350.1,645.1,-64294,-37371,,,,
649596983,,yes,66.8,723.9,98.7,128.7,-452.9,564.7,-12706,72537,,,,
580294785,,yes,66.4,489.0,257.8,-72.2,149.7,465.5,-12023,-46810,,,,
649119735,,yes,66.3,689.8,88.8,118.8,-332.8,604.2,-321,69957,,,,
646863810,,yes,66.2,555.0,67.3,97.3,-70.4,550.5,19709,52187,,,,
651342791,,yes,65.9,726.8,109.4,139.4,-551.5,473.4,-25805,69565,,,,
651240070,,yes,64.9,568.7,125.0,155.0,-515.6,239.9,-34373,47544,,,,
580294790,,yes,64.5,411.6,253.8,-76.2,98.1,399.7,-13205,-38531,,,,
580294800,,yes,64.3,559.5,256.4,-73.6,157.7,536.8,-14898,-53380,,,,
583389791,,yes,64.0,569.2,232.5,-97.5,-74.0,564.4,-36347,-44186,,,,
651233535,,yes,63.9,567.9,102.2,132.2,-381.4,420.7,-13712,56499,,,,
651342774,,yes,63.1,633.4,122.2,152.2,-560.1,295.8,-35437,54611,,,,
641212197,,yes,62.8,510.3,117.5,147.5,-430.5,274.0,-25296,46244,,,,
647439430,,yes,62.1,673.8,82.9,112.9,-262.3,620.6,6604,67853,,,,
584329048,,yes,61.3,168.0,230.1,-99.9,-28.9,165.5,-12495,-11893,,,,
641212208,,yes,61.0,512.9,73.8,103.8,-122.0,498.2,12631,50237,,,,
649119731,,yes,60.9,655.8,90.8,120.8,-335.7,563.3,-2626,66560,,,,
651240079,,yes,60.9,522.2,129.9,159.9,-490.5,179.3,-35231,41042,,,,
649596966,,yes,60.8,597.6,100.2,130.2,-385.9,456.4,-12318,59807,,,,
641205178,,yes,60.4,690.6,180.7,-149.3,-593.5,353.1,-70766,89,,,,
651233536,,yes,60.3,576.6,102.0,132.0,-386.1,428.3,-13735,57386,,,,
646829287,,yes,59.7,510.4,151.2,-178.8,-510.3,10.7,-46444,25575,,,,
651342737,,yes,59.7,608.4,111.5,141.5,-475.9,378.9,-23985,57604,,,,
593952804,,yes,59.6,253.2,213.2,-116.8,-114.1,226.0,-22898,-12878,,,,
609308520,,yes,59.0,370.4,216.8,-113.2,-145.8,340.5,-31367,-21208,,,,
651342736,,yes,58.6,590.1,111.9,141.9,-464.6,363.8,-23762,55723,,,,
584329039,,yes,58.3,171.8,238.2,-91.8,-5.5,171.8,-10781,-13608,,,,
675533444,,grandstand,57.9,260.9,20.5,50.5,165.9,201.4,22721,10141,,,,
649119706,,yes,57.6,607.7,90.7,120.7,-310.1,522.7,-2442,61761,,,,
647439420,,yes,57.5,636.1,81.6,111.6,-233.8,591.6,7620,63914,,,,
647439434,,yes,56.8,722.4,83.1,113.1,-282.9,664.7,7023,72699,,,,
651342787,,yes,56.8,749.5,107.4,137.4,-551.7,507.3,-24133,72509,,,,
581704380,,yes,56.7,394.6,160.9,-169.1,-387.5,74.8,-39014,13883,,,,
651240080,,yes,55.5,536.1,129.1,159.1,-500.7,191.6,-35497,42623,,,,
580285460,,yes,55.4,395.0,276.1,-53.9,232.5,319.3,2452,-38285,,,,
649596976,,yes,55.3,663.3,99.2,129.2,-418.8,514.3,-12269,66474,,,,
646829263,,yes,54.7,626.8,159.8,-170.2,-617.6,107.2,-60560,22590,,,,
643459096,,yes,54.5,655.5,205.7,-124.3,-369.7,541.3,-60796,-27399,,,,
583092178,,yes,54.2,699.0,247.9,-82.1,95.5,692.4,-28064,-63753,,,,
646863818,,yes,53.8,509.3,90.6,120.6,-259.3,438.3,-2257,51913,,,,
643459095,,yes,53.7,670.5,206.3,-123.7,-372.4,557.5,-61847,-28673,,,,
557735203,Mighty Fine Pizza,yes,53.6,72.4,157.1,-172.9,-71.8,8.9,-8384,3808,,,,
616472434,,yes,53.5,586.9,185.0,-145.0,-480.9,336.5,-60188,-4110,,,,
651342788,,yes,53.5,702.0,108.9,138.9,-529.0,461.5,-24449,67410,,,,
609308536,,yes,53.4,356.5,208.2,-121.8,-187.7,303.1,-33121,-15871,,,,
609308539,,yes,53.4,345.3,199.6,-130.4,-223.9,262.8,-34250,-10570,,,,
609308544,,yes,52.8,232.9,188.8,-141.2,-181.6,146.0,-24737,-2571,,,,
582112901,,yes,52.6,505.3,237.2,-92.8,-24.9,504.7,-29106,-41476,,,,
593952802,,yes,52.2,257.8,215.1,-114.9,-108.4,233.9,-22804,-13847,,,,
583389779,,yes,52.0,699.7,238.0,-92.0,-24.6,699.3,-38808,-58339,,,,
646829302,,yes,52.0,566.0,142.5,172.5,-561.1,74.2,-46599,35468,,,,
643459086,,yes,51.8,653.6,215.0,-115.0,-276.5,592.3,-55276,-36474,,,,
647439423,,yes,51.7,599.7,77.2,107.2,-177.5,572.8,11550,59473,,,,
609308502,,yes,51.6,295.6,214.5,-115.5,-127.5,266.7,-26091,-15733,,,,
609308545,,yes,50.8,253.3,188.2,-141.8,-198.9,156.8,-26782,-2640,,,,
651233556,,yes,50.8,679.8,100.2,130.2,-438.7,519.2,-13751,67894,,,,
641205149,,yes,50.7,700.7,188.8,-141.2,-545.8,439.5,-70956,-9785,,,,
645291972,,yes,50.7,740.0,163.6,-166.4,-719.4,173.5,-72688,21933,,,,
651240078,,yes,50.3,514.5,128.4,158.4,-478.3,189.7,-33653,41330,,,,
641212201,,yes,49.6,536.2,117.2,147.2,-450.6,290.6,-26209,48685,,,,
580294782,,yes,48.8,650.2,255.4,-74.6,173.2,626.7,-18049,-61940,,,,
643459091,,yes,48.5,650.0,207.3,-122.7,-351.0,547.1,-59467,-28835,,,,
643459098,,yes,48.4,700.0,205.1,-124.9,-400.5,574.1,-65109,-28699,,,,
651342771,,yes,48.2,678.4,121.9,151.9,-598.4,319.6,-37554,58589,,,,
616472458,,yes,47.5,566.9,199.4,-130.6,-369.3,430.1,-55204,-17797,,,,
651240040,,yes,47.4,647.1,134.2,164.2,-622.5,176.6,-46796,47412,,,,
616472452,,yes,47.2,534.9,202.4,-127.6,-326.2,424.0,-51161,-19420,,,,
651342735,,yes,47.1,582.2,112.4,142.4,-461.0,355.6,-23858,54836,,,,
651342759,,yes,47.1,655.4,112.1,142.1,-517.1,402.6,-26370,61713,,,,
616472445,,yes,47.0,507.2,183.3,-146.7,-424.1,278.2,-52350,-1897,,,,
580294801,,yes,46.9,549.9,256.9,-73.1,160.0,526.1,-14164,-52573,,,,
651342758,,yes,46.8,651.5,111.3,141.3,-508.7,407.0,-25421,61676,,,,
580285479,,yes,46.7,516.4,283.3,-46.7,354.3,375.8,10175,-49265,,,,
616472444,,yes,46.6,507.4,181.5,-148.5,-432.6,265.2,-52436,-344,,,,
651342789,,yes,46.1,711.2,109.3,139.3,-539.0,464.0,-25198,68127,,,,
582112935,,yes,45.9,614.1,244.6,-85.4,49.1,612.2,-28072,-54478,,,,
609308562,,yes,45.9,393.2,203.7,-126.3,-232.9,316.8,-37725,-14804,,,,
616472449,,yes,45.9,516.5,185.2,-144.8,-422.3,297.4,-53158,-3650,,,,
651240061,,yes,45.3,541.1,131.9,161.9,-514.3,168.1,-37854,41262,,,,
651240069,,yes,44.5,592.2,128.0,158.0,-549.1,221.9,-38172,47657,,,,
651240041,,yes,44.4,652.7,133.7,163.7,-626.4,183.4,-46793,48190,,,,
580294784,,yes,44.3,509.7,254.7,-75.3,129.5,493.0,-15152,-48180,,,,
646829277,,yes,44.3,587.5,144.2,174.2,-584.5,59.5,-49357,35367,,,,
649596973,,yes,43.9,550.8,101.1,131.1,-361.9,415.3,-12291,55046,,,,
599966102,,stadium,43.1,251.5,19.1,49.1,164.7,190.1,22049,9216,,,,
651240065,,yes,43.1,598.9,130.1,160.1,-563.2,203.9,-40293,46807,,,,
641212196,,yes,42.4,507.2,114.9,144.9,-414.9,291.7,-23066,47000,,,,
580285482,,yes,41.8,557.1,283.0,-47.0,380.0,407.4,10826,-53293,,,,
651342755,,yes,41.7,635.6,112.7,142.7,-505.8,385.0,-26264,59624,,,,
646863805,,yes,41.0,542.7,65.9,95.9,-55.4,539.9,20478,50519,,,,
646829304,,yes,40.9,542.0,145.8,175.8,-540.5,39.8,-46540,31462,,,,
649596982,,yes,40.2,712.9,98.4,128.4,-443.1,558.4,-12170,71509,,,,
643459108,,yes,40.1,648.0,203.6,-126.4,-384.4,521.7,-61092,-24964,,,,
582112896,,yes,40.0,490.1,241.0,-89.0,8.3,490.0,-25495,-41860,,,,
663563652,,yes,39.9,406.1,121.8,151.8,-358.1,191.6,-23146,35490,,,,
651342752,,yes,39.3,624.1,113.1,143.1,-498.9,375.0,-26171,58410,,,,
646863801,,yes,39.2,556.8,66.4,96.4,-62.0,553.4,20581,52015,,,,
646863809,,yes,38.6,509.4,69.4,99.4,-83.3,502.5,16199,48675,,,,
646863804,,yes,37.6,547.0,65.1,95.1,-48.7,544.8,21307,50604,,,,
952380802,,roof,36.6,265.0,234.0,-96.0,-27.7,263.5,-17296,-20445,,,,
609308568,,yes,36.3,378.0,184.2,-145.8,-312.8,212.2,-39412,-1749,,,,
649596974,,yes,36.2,565.2,101.1,131.1,-371.6,426.0,-12598,56458,,,,
643459090,,yes,35.8,658.1,207.6,-122.4,-353.0,555.5,-60059,-29464,,,,
582112941,,yes,34.4,568.7,242.0,-88.0,20.2,568.3,-28379,-49240,,,,
651342780,,yes,34.2,670.0,119.4,149.4,-576.5,341.3,-34581,59374,,,,
651233554,,yes,34.1,709.7,99.8,129.8,-454.4,545.1,-13809,70919,,,,
651233553,,yes,32.9,701.0,100.0,130.0,-450.5,537.1,-13876,70025,,,,
582112892,,yes,31.8,463.1,241.3,-88.7,10.3,463.0,-23972,-39621,,,,
646829283,,yes,31.5,554.6,149.1,179.1,-554.5,8.8,-49297,29480,,,,
643459110,,yes,31.4,631.5,204.2,-125.8,-369.1,512.4,-59300,-24927,,,,
649596980,,yes,29.8,689.4,99.0,129.0,-433.6,536.0,-12468,69090,,,,
663563653,,yes,29.6,410.0,122.8,152.8,-364.8,187.2,-23950,35439,,,,
651233529,,yes,29.1,552.3,102.4,132.4,-372.1,408.1,-13530,54939,,,,
646829258,,yes,28.7,652.0,157.8,-172.2,-645.9,88.9,-62095,25590,,,,
643526568,,yes,28.0,735.8,208.6,-121.4,-383.4,628.0,-66318,-34230,,,,
646378049,,yes,28.0,746.1,155.4,-174.6,-742.9,69.8,-69538,32092,,,,
649596978,,yes,27.9,681.1,99.1,129.1,-429.4,528.7,-12465,68243,,,,
651233558,,yes,24.9,727.4,99.6,129.6,-463.9,560.3,-13872,72712,,,,
583389793,,yes,23.5,583.4,232.1,-97.9,-80.4,577.8,-37566,-45029,,,,
509933694,,yes,21.5,701.1,336.6,6.6,696.4,80.6,62626,-26847,,,,
647439428,,yes,17.0,609.1,80.4,110.4,-212.6,570.8,8412,61052,,,,
