threshold_deg,scale,comp_id,area_sqft,aspect_ratio,centroid_dist_ft,centroid_az_deg,bbox_h,bbox_w
25,3ft_smooth,1,11072.0,2.0,306.9,331.7,205,410
25,5ft_smooth,2,10928.0,1.99,306.7,331.6,203,404
25,10ft_smooth,3,9492.0,2.01,304.3,329.9,177,356
25,1ft_raw,5,8773.0,2.04,306.8,330.5,205,418
30,3ft_smooth,4,7948.0,2.02,304.0,330.0,189,381
30,5ft_smooth,5,7638.0,2.06,303.8,329.9,180,371
30,1ft_raw,5,6285.0,1.96,306.0,329.6,205,402
30,10ft_smooth,1,6275.0,1.96,302.0,330.6,163,320
25,3ft_smooth,17,3096.0,1.62,402.0,276.1,85,138
25,5ft_smooth,4,3025.0,1.65,402.3,276.0,80,132
25,1ft_raw,764,2671.0,1.57,400.9,276.3,91,143
30,3ft_smooth,16,2364.0,1.64,401.2,275.9,84,138
30,5ft_smooth,6,2245.0,1.68,401.1,275.8,78,131
25,10ft_smooth,4,2094.0,1.83,403.8,275.4,64,117
30,1ft_raw,582,2024.0,1.62,399.2,276.3,88,143
30,10ft_smooth,2,1411.0,1.91,403.1,275.5,58,111
25,3ft_smooth,21,549.0,15.12,459.5,240.2,8,121
25,5ft_smooth,5,498.0,14.25,467.1,240.7,8,114
25,1ft_raw,3064,491.0,11.55,454.7,239.8,11,127
25,3ft_smooth,25,452.0,6.44,487.7,141.4,16,103
25,1ft_raw,3138,436.0,6.11,483.8,141.9,18,110
30,3ft_smooth,23,396.0,16.29,463.3,240.5,7,114
30,1ft_raw,1734,393.0,11.6,459.1,240.2,10,116
30,1ft_raw,1794,373.0,6.24,486.3,141.6,17,106
25,5ft_smooth,8,365.0,5.67,494.1,140.5,15,85
30,3ft_smooth,32,351.0,7.0,490.7,141.0,14,98
25,1ft_raw,3101,306.0,7.6,298.4,193.9,76,10
25,1ft_raw,3121,254.0,2.14,351.7,192.1,47,22
25,3ft_smooth,2,246.0,1.2,418.1,22.0,30,36
25,1ft_raw,279,236.0,1.35,309.1,331.7,46,34
25,3ft_smooth,24,216.0,3.9,351.1,191.9,39,10
25,1ft_raw,11,212.0,1.0,414.5,21.8,36,36
25,1ft_raw,470,212.0,2.82,353.1,292.7,17,48
30,1ft_raw,1778,210.0,5.2,305.9,193.6,52,10
25,3ft_smooth,23,200.0,6.29,301.9,193.7,44,7
30,1ft_raw,1781,197.0,3.36,349.9,192.0,47,14
25,1ft_raw,3166,191.0,2.71,396.3,188.7,14,38
25,3ft_smooth,29,186.0,2.46,396.9,189.2,13,32
30,5ft_smooth,14,186.0,4.55,500.7,139.6,11,50
25,1ft_raw,32,185.0,1.16,374.3,354.0,36,31
30,1ft_raw,11,182.0,1.0,414.1,21.7,36,36
30,3ft_smooth,1,175.0,1.03,416.9,21.9,30,31
25,5ft_smooth,1,174.0,1.1,422.2,22.3,22,20
30,5ft_smooth,7,166.0,8.4,490.4,242.3,5,42
25,1ft_raw,3089,165.0,2.22,357.2,133.1,23,51
25,5ft_smooth,7,158.0,3.38,350.9,191.9,27,8
30,3ft_smooth,30,154.0,4.0,349.5,192.0,32,8
25,5ft_smooth,6,145.0,5.67,302.4,193.7,34,6
30,1ft_raw,1757,134.0,2.22,357.4,133.0,23,51
25,1ft_raw,948,133.0,1.91,303.4,81.4,11,21
30,3ft_smooth,29,127.0,6.67,302.2,193.6,40,6
30,1ft_raw,1816,120.0,2.92,395.8,188.8,13,38
25,5ft_smooth,10,113.0,2.25,398.2,189.7,12,27
30,3ft_smooth,2,109.0,2.08,394.1,2.7,12,25
30,5ft_smooth,1,108.0,1.06,421.4,22.2,18,17
25,3ft_smooth,22,98.0,3.5,355.1,133.1,12,42
30,5ft_smooth,13,93.0,3.83,348.7,192.0,23,6
30,1ft_raw,501,78.0,1.77,366.1,291.9,13,23
25,3ft_smooth,15,77.0,2.0,345.0,293.4,8,16
25,1ft_raw,149,75.0,3.33,456.0,47.4,30,9
25,1ft_raw,3149,73.0,2.57,380.5,171.1,7,18
25,3ft_smooth,14,71.0,3.83,364.1,292.3,6,23
30,3ft_smooth,35,69.0,1.54,399.1,190.3,13,20
30,1ft_raw,1802,68.0,2.43,380.6,171.1,7,17
25,1ft_raw,3151,67.0,3.33,377.6,177.8,6,20
30,1ft_raw,290,66.0,1.0,310.4,331.4,22,22
25,1ft_raw,249,65.0,3.57,417.0,43.8,25,7
30,1ft_raw,665,65.0,2.38,305.7,81.9,8,19
25,1ft_raw,3150,64.0,7.25,379.6,187.4,4,29
30,1ft_raw,201,62.0,3.5,456.0,47.4,28,8
25,1ft_raw,502,59.0,1.33,292.2,292.1,16,12
30,1ft_raw,1805,59.0,3.33,377.6,177.8,6,20
30,1ft_raw,1804,57.0,7.0,379.6,187.3,4,28
25,3ft_smooth,27,56.0,3.8,379.7,187.4,5,19
25,1ft_raw,33,52.0,1.23,387.1,357.0,16,13
30,1ft_raw,257,51.0,4.17,417.2,43.7,25,6
25,1ft_raw,341,50.0,1.2,234.5,0.8,10,12
25,1ft_raw,34,48.0,1.38,384.8,354.5,18,13
30,1ft_raw,521,48.0,1.27,292.3,291.9,14,11
30,1ft_raw,615,48.0,1.07,415.1,277.3,15,14
25,1ft_raw,14,47.0,1.54,434.1,24.4,13,20
30,5ft_smooth,2,46.0,1.57,393.9,3.0,7,11
30,1ft_raw,651,44.0,2.67,299.9,80.8,6,16
25,1ft_raw,3104,42.0,2.71,389.9,229.2,7,19
25,1ft_raw,3154,42.0,2.4,378.7,175.0,5,12
30,1ft_raw,375,41.0,1.1,234.6,0.9,10,11
25,1ft_raw,2421,40.0,4.0,113.4,196.5,5,20
30,1ft_raw,1808,40.0,2.4,378.8,175.0,5,12
25,1ft_raw,104,38.0,1.6,372.2,20.5,10,16
25,1ft_raw,1008,38.0,4.2,126.5,75.4,21,5
30,1ft_raw,6,38.0,1.08,395.7,3.8,13,14
30,3ft_smooth,13,38.0,3.6,366.2,292.2,5,18
30,1ft_raw,504,37.0,1.78,342.9,293.5,9,16
25,3ft_smooth,28,36.0,1.17,378.1,177.6,7,6
25,1ft_raw,330,35.0,1.7,297.8,322.7,17,10
25,3ft_smooth,9,35.0,3.75,457.5,47.4,15,4
30,1ft_raw,355,35.0,1.38,285.2,326.2,18,13
25,3ft_smooth,10,34.0,2.67,419.0,43.5,16,6
25,1ft_raw,345,33.0,1.71,285.9,36.6,12,7
25,1ft_raw,2563,33.0,3.4,120.6,163.9,5,17
30,1ft_raw,405,33.0,1.33,286.0,321.3,9,12
30,3ft_smooth,33,32.0,1.17,378.0,177.6,7,6
30,3ft_smooth,34,32.0,5.0,379.5,187.1,3,15
25,1ft_raw,3134,31.0,1.3,378.2,192.6,10,13
25,1ft_raw,3152,31.0,3.67,377.0,182.7,3,11
30,1ft_raw,1806,31.0,3.67,377.0,182.7,3,11
25,1ft_raw,471,30.0,4.25,427.2,289.0,4,17
30,5ft_smooth,15,30.0,1.6,403.2,190.7,8,5
25,1ft_raw,4,29.0,1.0,397.6,0.3,7,7
25,1ft_raw,210,29.0,2.6,425.3,317.9,5,13
25,1ft_raw,52,28.0,1.56,413.1,23.4,9,14
25,1ft_raw,161,28.0,1.5,391.0,35.2,8,12
25,3ft_smooth,20,28.0,1.0,304.0,81.9,6,6
30,1ft_raw,1819,28.0,1.12,399.4,188.8,9,8
25,1ft_raw,311,27.0,1.3,303.7,326.2,13,10
25,1ft_raw,969,27.0,3.4,123.3,71.1,17,5
25,3ft_smooth,26,27.0,2.0,381.1,171.0,8,4
30,1ft_raw,4,27.0,1.0,397.6,0.2,7,7
25,1ft_raw,51,26.0,1.86,379.9,353.2,13,7
25,1ft_raw,2359,26.0,5.33,107.9,165.2,3,16
30,3ft_smooth,18,26.0,1.14,415.3,277.3,7,8
30,3ft_smooth,31,26.0,2.0,381.0,170.9,8,4
25,3ft_smooth,3,25.0,1.6,386.1,356.7,8,5
30,1ft_raw,187,25.0,1.29,343.0,352.3,7,9
30,1ft_raw,278,25.0,1.0,316.5,335.1,8,8
30,1ft_raw,384,25.0,1.57,286.1,36.7,11,7
30,1ft_raw,1768,25.0,2.33,388.4,229.2,6,14
25,1ft_raw,83,24.0,1.18,363.9,354.1,13,11
25,1ft_raw,178,24.0,1.43,504.3,308.9,7,10
25,1ft_raw,2012,24.0,4.67,88.7,184.3,3,14
25,5ft_smooth,3,24.0,3.67,344.4,293.5,3,11
25,1ft_raw,138,23.0,1.11,340.3,344.1,10,9
25,1ft_raw,3169,23.0,2.75,393.9,184.5,4,11
25,3ft_smooth,16,23.0,1.8,290.8,292.7,9,5
30,1ft_raw,113,23.0,1.1,367.2,358.0,10,11
30,1ft_raw,370,23.0,1.0,285.9,324.9,11,11
25,1ft_raw,308,22.0,1.67,305.2,327.9,10,6
25,1ft_raw,373,22.0,1.43,221.6,356.6,7,10
25,1ft_raw,1555,22.0,3.75,131.4,114.1,15,4
25,1ft_raw,2277,22.0,4.33,100.8,183.9,3,13
25,1ft_raw,2405,22.0,4.0,106.6,181.8,3,12
25,1ft_raw,3172,22.0,2.0,394.8,181.4,5,10
30,1ft_raw,47,22.0,1.0,386.2,356.8,7,7
30,1ft_raw,515,22.0,2.0,346.7,292.1,10,5
25,1ft_raw,402,21.0,1.5,438.0,299.0,6,9
25,1ft_raw,1379,21.0,2.4,125.7,102.0,12,5
25,1ft_raw,2677,21.0,4.0,122.9,190.4,3,12
25,1ft_raw,2872,21.0,3.67,131.3,173.7,3,11
30,1ft_raw,308,21.0,1.11,303.5,330.9,10,9
30,3ft_smooth,21,21.0,1.2,304.1,82.0,5,6
25,1ft_raw,162,20.0,2.2,499.4,309.7,5,11
25,1ft_raw,1152,20.0,1.8,235.3,87.1,9,5
25,1ft_raw,1343,20.0,1.29,398.8,267.3,7,9
25,1ft_raw,1520,20.0,4.0,125.6,111.9,12,3
25,1ft_raw,2682,20.0,1.8,125.0,167.3,5,9
25,1ft_raw,2684,20.0,2.2,129.5,160.2,5,11
30,1ft_raw,341,20.0,2.0,287.5,329.4,10,5
30,1ft_raw,598,20.0,1.33,389.1,279.3,6,8
30,3ft_smooth,36,20.0,3.33,393.0,187.4,3,10
30,5ft_smooth,8,20.0,3.67,462.7,240.4,3,11
25,1ft_raw,23,19.0,1.12,428.7,23.5,9,8
25,1ft_raw,158,19.0,2.5,428.3,318.6,4,10
25,1ft_raw,2193,19.0,1.67,132.1,138.2,6,10
30,1ft_raw,502,19.0,5.0,425.8,289.1,3,15
30,1ft_raw,1820,19.0,2.25,393.9,184.5,4,9
25,1ft_raw,2528,18.0,1.6,125.1,154.7,5,8
25,1ft_raw,2541,18.0,1.6,120.5,197.5,5,8
30,1ft_raw,177,18.0,1.57,370.9,20.4,7,11
25,1ft_raw,144,17.0,1.0,418.7,38.6,6,6
25,1ft_raw,380,17.0,1.8,217.8,355.0,9,5
25,1ft_raw,3157,17.0,2.33,381.3,173.1,3,7
25,3ft_smooth,18,17.0,2.33,304.1,80.8,3,7
30,1ft_raw,86,17.0,1.67,376.5,354.8,10,6
30,1ft_raw,157,17.0,1.33,356.1,351.3,8,6
30,1ft_raw,197,17.0,1.14,339.8,344.0,8,7
30,1ft_raw,1810,17.0,2.33,381.3,173.1,3,7
30,5ft_smooth,12,17.0,4.5,309.6,193.3,9,2
25,1ft_raw,420,16.0,1.2,440.0,298.2,5,6
25,1ft_raw,1016,16.0,3.33,124.5,73.2,10,3
25,1ft_raw,1177,16.0,3.33,106.4,86.7,10,3
25,1ft_raw,1493,16.0,1.8,127.6,109.1,9,5
25,1ft_raw,1624,16.0,1.29,151.9,114.0,9,7
25,1ft_raw,1689,16.0,2.25,141.7,119.2,9,4
25,1ft_raw,1975,16.0,3.33,89.0,165.8,3,10
25,1ft_raw,2307,16.0,1.5,115.0,206.2,6,9
25,1ft_raw,2498,16.0,1.6,112.4,184.5,5,8
25,1ft_raw,3083,16.0,1.6,243.5,193.6,5,8
25,3ft_smooth,12,16.0,2.33,233.8,0.3,7,3
25,1ft_raw,85,15.0,1.2,393.8,21.6,5,6
25,1ft_raw,1683,15.0,3.67,118.0,126.8,11,3
25,1ft_raw,1811,15.0,1.6,163.3,118.9,8,5
25,1ft_raw,2254,15.0,3.0,116.5,211.4,3,9
25,1ft_raw,2483,15.0,4.5,115.4,162.6,2,9
25,1ft_raw,2525,15.0,3.0,112.5,178.4,3,9
25,1ft_raw,2821,15.0,2.67,134.2,162.2,3,8
25,1ft_raw,3158,15.0,2.0,556.8,226.5,4,8
30,1ft_raw,130,15.0,1.17,366.4,352.5,7,6
30,1ft_raw,793,15.0,1.4,235.5,86.9,7,5
25,1ft_raw,531,14.0,2.0,112.6,5.2,4,8
25,1ft_raw,1126,14.0,1.8,97.6,81.8,9,5
25,1ft_raw,1248,14.0,2.67,144.0,91.7,8,3
25,1ft_raw,1347,14.0,3.0,118.2,100.2,9,3
25,1ft_raw,1437,14.0,1.6,128.2,104.6,8,5
25,1ft_raw,1497,14.0,2.0,90.8,117.6,8,4
25,1ft_raw,1506,14.0,2.0,93.9,117.3,8,4
25,1ft_raw,1830,14.0,1.75,160.2,119.8,7,4
25,1ft_raw,2330,14.0,5.0,108.4,197.8,2,10
25,1ft_raw,2429,14.0,2.0,122.2,151.9,4,8
25,1ft_raw,2577,14.0,2.0,133.3,209.5,4,8
25,1ft_raw,2731,14.0,3.0,134.1,203.3,3,9
25,1ft_raw,2964,14.0,4.5,136.5,175.2,2,9
25,10ft_smooth,5,14.0,2.33,505.5,243.0,3,7
30,1ft_raw,85,14.0,1.8,378.1,353.1,9,5
30,3ft_smooth,12,14.0,1.5,269.8,328.0,4,6
25,1ft_raw,25,13.0,2.0,391.9,355.7,8,4
25,1ft_raw,524,13.0,1.75,118.4,17.8,4,7
25,1ft_raw,590,13.0,2.67,114.4,338.0,3,8
25,1ft_raw,775,13.0,1.75,423.3,281.2,7,4
25,1ft_raw,1183,13.0,1.4,102.5,86.3,7,5
25,1ft_raw,1570,13.0,2.33,137.4,112.0,7,3
25,1ft_raw,2258,13.0,1.75,101.5,190.2,4,7
25,1ft_raw,2375,13.0,2.67,123.5,211.7,3,8
30,1ft_raw,199,13.0,1.2,419.0,38.5,5,6
30,1ft_raw,348,13.0,1.6,296.0,325.7,8,5
30,1ft_raw,419,13.0,1.75,222.4,357.0,4,7
30,1ft_raw,1767,13.0,2.67,264.9,195.7,8,3
30,1ft_raw,1823,13.0,1.5,395.2,181.6,4,6
25,1ft_raw,12,12.0,1.17,432.7,23.3,7,6
25,1ft_raw,958,12.0,1.2,293.8,279.1,6,5
25,1ft_raw,1021,12.0,2.0,143.3,75.1,6,3
25,1ft_raw,1066,12.0,2.67,128.3,78.5,8,3
25,1ft_raw,1079,12.0,1.17,316.3,274.5,6,7
25,1ft_raw,1102,12.0,1.75,146.5,82.4,7,4
25,1ft_raw,1440,12.0,4.0,96.8,109.8,8,2
25,1ft_raw,1563,12.0,4.0,134.1,112.3,8,2
25,1ft_raw,1605,12.0,2.0,129.5,116.6,8,4
25,1ft_raw,2430,12.0,2.67,126.4,148.5,3,8
25,1ft_raw,2493,12.0,2.33,127.0,208.7,3,7
25,1ft_raw,2552,12.0,3.0,145.3,218.3,2,6
25,1ft_raw,2589,12.0,1.5,118.1,168.7,4,6
25,10ft_smooth,1,12.0,1.67,392.4,3.0,5,3
30,1ft_raw,118,12.0,1.75,370.6,351.7,7,4
30,1ft_raw,271,12.0,1.5,306.1,344.5,6,4
30,1ft_raw,323,12.0,1.17,297.2,329.4,6,7
30,1ft_raw,394,12.0,1.5,268.9,328.3,6,4
30,1ft_raw,1809,12.0,1.75,448.4,147.6,7,4
30,3ft_smooth,3,12.0,1.25,386.2,356.8,5,4
30,3ft_smooth,22,12.0,1.0,436.2,275.5,4,4
25,1ft_raw,102,11.0,1.0,421.0,32.5,5,5
25,1ft_raw,466,11.0,3.0,309.9,51.3,2,6
25,1ft_raw,929,11.0,2.33,151.9,70.1,7,3
25,1ft_raw,995,11.0,1.75,120.2,70.3,7,4
25,1ft_raw,1249,11.0,2.67,147.7,91.4,8,3
25,1ft_raw,1620,11.0,1.4,105.5,125.0,7,5
25,1ft_raw,2047,11.0,1.5,94.1,166.7,4,6
25,1ft_raw,2166,11.0,2.33,110.6,149.8,3,7
25,1ft_raw,2232,11.0,1.5,100.9,168.4,4,6
25,1ft_raw,2457,11.0,1.5,113.1,166.7,4,6
25,1ft_raw,2604,11.0,2.33,116.8,181.2,3,7
25,1ft_raw,2664,11.0,2.0,135.3,152.4,3,6
25,1ft_raw,2842,11.0,2.33,138.4,200.6,3,7
25,1ft_raw,2920,11.0,2.67,142.1,160.2,3,8
25,10ft_smooth,2,11.0,1.67,424.1,22.5,5,3
30,1ft_raw,352,11.0,2.0,287.7,328.5,6,3
30,1ft_raw,354,11.0,1.2,290.5,327.0,6,5
30,1ft_raw,363,11.0,2.0,298.7,322.9,8,4
30,1ft_raw,428,11.0,2.0,217.6,354.8,6,3
30,1ft_raw,434,11.0,2.0,360.4,307.0,3,6
30,1ft_raw,688,11.0,1.5,431.1,275.6,4,6
30,1ft_raw,1775,11.0,2.67,273.0,195.2,8,3
30,1ft_raw,1785,11.0,1.2,359.9,193.4,6,5
30,3ft_smooth,9,11.0,1.5,455.0,47.6,6,4
30,3ft_smooth,15,11.0,1.25,291.3,292.6,5,4
30,5ft_smooth,11,11.0,3.5,299.1,193.9,7,2
25,1ft_raw,3,10.0,1.33,399.3,359.4,4,3
25,1ft_raw,15,10.0,1.2,439.5,24.8,5,6
25,1ft_raw,80,10.0,1.0,368.9,355.5,5,5
25,1ft_raw,214,10.0,1.67,493.7,309.7,3,5
25,1ft_raw,526,10.0,2.0,281.1,293.6,3,6
25,1ft_raw,1019,10.0,2.33,136.7,74.4,7,3
25,1ft_raw,1020,10.0,2.0,139.8,74.5,6,3
25,1ft_raw,1144,10.0,3.5,118.5,83.8,7,2
25,1ft_raw,1188,10.0,1.67,135.8,86.9,5,3
25,1ft_raw,1280,10.0,3.5,113.1,94.3,7,2
25,1ft_raw,1351,10.0,2.0,148.8,97.4,6,3
25,1ft_raw,1360,10.0,3.5,115.0,101.1,7,2
25,1ft_raw,1468,10.0,3.5,149.6,104.2,7,2
25,1ft_raw,1522,10.0,2.0,150.9,106.8,6,3
25,1ft_raw,1580,10.0,2.33,142.0,112.2,7,3
25,1ft_raw,1582,10.0,1.5,103.1,121.6,6,4
25,1ft_raw,1593,10.0,2.0,109.7,120.6,6,3
25,1ft_raw,1616,10.0,2.33,139.9,115.2,7,3
25,1ft_raw,2439,10.0,1.2,118.4,202.3,5,6
25,1ft_raw,2759,10.0,2.0,124.3,178.3,3,6
25,1ft_raw,2822,10.0,1.25,136.9,159.3,4,5
25,1ft_raw,2877,10.0,3.5,143.8,154.7,2,7
25,1ft_raw,3092,10.0,1.0,382.1,129.5,5,5
30,1ft_raw,12,10.0,1.2,433.3,23.3,6,5
30,1ft_raw,50,10.0,1.25,385.6,2.7,5,4
30,1ft_raw,63,10.0,1.2,382.7,354.9,5,6
30,1ft_raw,129,10.0,1.25,393.1,21.6,4,5
30,1ft_raw,350,10.0,1.2,293.1,326.6,6,5
30,1ft_raw,383,10.0,3.0,288.2,323.6,6,2
30,1ft_raw,503,10.0,1.67,350.6,293.5,3,5
30,1ft_raw,1037,10.0,2.33,137.5,112.1,7,3
30,1ft_raw,1736,10.0,2.67,402.0,235.1,3,8
25,1ft_raw,56,9.0,1.25,409.5,22.3,4,5
25,1ft_raw,268,9.0,1.0,323.6,338.2,5,5
25,1ft_raw,563,9.0,1.0,111.4,346.6,5,5
25,1ft_raw,583,9.0,3.5,108.4,357.1,2,7
25,1ft_raw,937,9.0,1.67,148.8,69.7,5,3
25,1ft_raw,973,9.0,1.67,146.6,72.0,5,3
25,1ft_raw,997,9.0,1.25,155.0,74.6,5,4
25,1ft_raw,1072,9.0,2.0,121.0,77.5,6,3
25,1ft_raw,1147,9.0,3.0,133.8,84.4,6,2
25,1ft_raw,1245,9.0,2.5,115.1,91.4,5,2
25,1ft_raw,1288,9.0,1.25,130.7,93.8,5,4
25,1ft_raw,1297,9.0,2.0,138.9,94.5,6,3
25,1ft_raw,1299,9.0,1.25,142.1,94.6,5,4
25,1ft_raw,1368,9.0,3.0,111.4,101.4,6,2
25,1ft_raw,1431,9.0,3.5,93.3,110.0,7,2
25,1ft_raw,1517,9.0,2.33,120.9,110.8,7,3
25,1ft_raw,1585,9.0,1.5,145.4,111.8,6,4
25,1ft_raw,1630,9.0,1.5,102.5,126.7,6,4
25,1ft_raw,1702,9.0,2.0,150.6,117.6,6,3
25,1ft_raw,2342,9.0,1.0,136.7,139.8,5,5
25,1ft_raw,2666,9.0,2.0,138.7,149.7,3,6
25,1ft_raw,2736,9.0,2.5,123.0,181.1,2,5
25,1ft_raw,2965,9.0,2.33,138.2,171.2,3,7
25,1ft_raw,3090,9.0,2.0,252.8,196.2,6,3
25,3ft_smooth,7,9.0,1.33,369.6,355.4,3,4
30,1ft_raw,21,9.0,1.0,434.6,24.5,5,5
30,1ft_raw,57,9.0,1.0,385.6,354.2,5,5
30,1ft_raw,124,9.0,1.25,370.4,352.6,4,5
30,1ft_raw,205,9.0,3.0,427.0,318.8,2,6
30,1ft_raw,261,9.0,1.0,324.9,339.6,5,5
30,1ft_raw,270,9.0,1.0,320.1,337.7,5,5
30,1ft_raw,313,9.0,1.5,304.0,329.8,6,4
30,1ft_raw,507,9.0,1.25,334.8,294.4,4,5
30,1ft_raw,590,9.0,1.5,367.0,282.3,6,4
30,1ft_raw,620,9.0,2.0,405.8,277.7,3,6
30,3ft_smooth,10,9.0,3.0,312.2,332.8,2,6
30,5ft_smooth,3,9.0,1.33,382.5,1.5,4,3
25,1ft_raw,401,8.0,1.0,444.1,298.7,4,4
25,1ft_raw,575,8.0,1.25,108.3,351.9,5,4
25,1ft_raw,610,8.0,1.25,104.6,351.1,5,4
25,1ft_raw,816,8.0,3.0,422.5,280.3,6,2
25,1ft_raw,895,8.0,1.25,151.2,66.8,5,4
25,1ft_raw,919,8.0,1.67,146.1,68.0,5,3
25,1ft_raw,938,8.0,3.0,155.0,70.7,6,2
25,1ft_raw,1022,8.0,2.0,146.9,75.5,6,3
25,1ft_raw,1090,8.0,2.5,152.8,81.5,5,2
25,1ft_raw,1092,8.0,3.0,130.9,81.0,6,2
25,1ft_raw,1136,8.0,1.67,101.3,81.7,5,3
25,1ft_raw,1202,8.0,1.25,138.3,87.8,5,4
25,1ft_raw,1269,8.0,2.5,97.4,94.1,5,2
25,1ft_raw,1289,8.0,2.5,135.4,93.6,5,2
25,1ft_raw,1292,8.0,2.5,109.4,95.0,5,2
25,1ft_raw,1294,8.0,3.0,150.6,93.9,6,2
25,1ft_raw,1316,8.0,2.5,134.9,96.1,5,2
25,1ft_raw,1391,8.0,2.0,123.0,101.8,6,3
25,1ft_raw,1456,8.0,3.0,141.4,103.9,6,2
25,1ft_raw,1489,8.0,2.5,125.1,107.9,5,2
25,1ft_raw,1499,8.0,2.0,132.2,107.6,4,2
25,1ft_raw,1509,8.0,1.67,116.9,110.9,5,3
25,1ft_raw,1515,8.0,1.67,97.2,116.0,5,3
25,1ft_raw,1592,8.0,3.0,106.9,121.7,6,2
25,1ft_raw,1618,8.0,1.25,149.0,113.1,5,4
25,1ft_raw,1719,8.0,2.0,147.7,118.3,4,2
25,1ft_raw,1729,8.0,1.25,107.0,131.8,5,4
25,1ft_raw,1821,8.0,1.0,87.5,153.5,4,4
25,1ft_raw,1871,8.0,3.0,82.1,166.7,2,6
25,1ft_raw,1880,8.0,1.25,144.9,124.2,5,4
25,1ft_raw,1881,8.0,1.67,147.9,123.4,5,3
25,1ft_raw,1904,8.0,1.67,92.4,154.6,5,3
25,1ft_raw,2064,8.0,1.0,101.4,205.1,4,4
25,1ft_raw,2099,8.0,1.25,119.8,140.9,4,5
25,1ft_raw,2209,8.0,2.5,102.8,199.5,2,5
25,1ft_raw,2354,8.0,1.67,105.4,186.8,3,5
25,1ft_raw,2360,8.0,1.25,113.3,158.0,4,5
25,1ft_raw,2378,8.0,1.25,117.2,204.6,5,4
25,1ft_raw,2708,8.0,2.5,138.0,207.9,2,5
25,1ft_raw,2914,8.0,2.5,133.7,186.2,2,5
25,1ft_raw,3063,8.0,1.33,329.5,131.7,3,4
25,1ft_raw,3086,8.0,3.0,241.0,190.1,2,6
25,1ft_raw,3096,8.0,1.25,423.4,125.2,5,4
25,5ft_smooth,9,8.0,1.33,379.7,187.1,3,4
30,1ft_raw,3,8.0,1.33,399.1,359.3,4,3
30,1ft_raw,40,8.0,1.25,389.9,355.0,5,4
30,1ft_raw,46,8.0,1.25,387.3,355.7,5,4
30,1ft_raw,61,8.0,1.33,384.0,357.9,3,4
30,1ft_raw,77,8.0,1.67,380.5,354.1,5,3
30,1ft_raw,151,8.0,1.0,361.2,353.6,4,4
30,1ft_raw,314,8.0,1.25,299.9,331.1,5,4
30,1ft_raw,316,8.0,2.0,304.8,327.8,6,3
30,1ft_raw,662,8.0,1.67,294.5,279.0,5,3
30,1ft_raw,909,8.0,1.67,118.7,101.1,5,3
30,1ft_raw,1765,8.0,1.67,258.3,195.8,5,3
30,1ft_raw,1811,8.0,1.33,557.6,226.6,3,4
30,3ft_smooth,8,8.0,1.67,422.3,43.3,5,3
30,3ft_smooth,37,8.0,1.25,399.2,189.0,5,4
25,1ft_raw,13,7.0,1.0,436.4,23.9,4,4
25,1ft_raw,18,7.0,1.67,398.6,4.7,3,5
25,1ft_raw,87,7.0,1.0,369.3,351.0,4,4
25,1ft_raw,141,7.0,3.0,387.2,328.3,2,6
25,1ft_raw,358,7.0,1.67,231.8,347.7,5,3
25,1ft_raw,558,7.0,2.5,112.4,9.0,2,5
25,1ft_raw,728,7.0,2.0,176.0,58.4,4,2
25,1ft_raw,780,7.0,1.67,378.6,282.7,3,5
25,1ft_raw,870,7.0,2.0,260.9,284.2,4,2
25,1ft_raw,945,7.0,1.33,145.2,69.9,4,3
25,1ft_raw,998,7.0,1.33,159.2,74.6,4,3
25,1ft_raw,1003,7.0,2.5,133.4,72.3,5,2
25,1ft_raw,1086,7.0,1.33,117.1,77.8,4,3
25,1ft_raw,1121,7.0,1.67,114.9,81.2,5,3
25,1ft_raw,1151,7.0,1.67,155.8,85.0,5,3
25,1ft_raw,1158,7.0,2.5,137.3,84.9,5,2
25,1ft_raw,1171,7.0,1.33,140.2,85.6,4,3
25,1ft_raw,1185,7.0,3.0,120.4,86.8,6,2
25,1ft_raw,1192,7.0,3.0,116.8,87.0,6,2
25,1ft_raw,1206,7.0,2.5,234.1,88.9,5,2
25,1ft_raw,1234,7.0,2.5,98.9,90.8,5,2
25,1ft_raw,1244,7.0,2.5,111.2,91.2,5,2
25,1ft_raw,1281,7.0,3.0,116.1,93.9,6,2
25,1ft_raw,1287,7.0,1.33,127.7,93.5,4,3
25,1ft_raw,1439,7.0,2.0,89.4,110.2,4,2
25,1ft_raw,1455,7.0,3.0,137.9,104.2,6,2
25,1ft_raw,1481,7.0,2.0,121.6,107.6,4,2
25,1ft_raw,1507,7.0,1.33,105.7,112.7,4,3
25,1ft_raw,1554,7.0,1.33,113.1,115.2,4,3
25,1ft_raw,1571,7.0,1.67,146.3,110.3,5,3
25,1ft_raw,1701,7.0,2.5,144.7,118.7,5,2
25,1ft_raw,1754,7.0,1.67,116.8,129.1,5,3
25,1ft_raw,1764,7.0,1.0,137.0,122.8,4,4
25,1ft_raw,1783,7.0,1.33,146.6,120.9,4,3
25,1ft_raw,1810,7.0,1.33,152.8,120.4,4,3
25,1ft_raw,1879,7.0,1.0,138.5,125.9,4,4
25,1ft_raw,1916,7.0,1.33,98.7,212.3,3,4
25,1ft_raw,1926,7.0,1.33,94.4,152.6,4,3
25,1ft_raw,1927,7.0,1.0,96.0,150.8,4,4
25,1ft_raw,1929,7.0,1.33,100.1,146.5,3,4
25,1ft_raw,1945,7.0,1.0,105.0,143.9,4,4
25,1ft_raw,1979,7.0,1.0,114.6,139.6,4,4
25,1ft_raw,2086,7.0,1.0,93.4,177.4,4,4
25,1ft_raw,2126,7.0,2.5,126.9,137.1,2,5
25,1ft_raw,2167,7.0,1.33,113.5,147.4,3,4
25,1ft_raw,2233,7.0,2.0,101.4,165.2,2,4
25,1ft_raw,2326,7.0,1.33,179.0,125.1,4,3
25,1ft_raw,2349,7.0,1.33,131.0,217.0,3,4
25,1ft_raw,2391,7.0,1.0,135.0,141.9,4,4
25,1ft_raw,2408,7.0,1.33,117.3,155.4,3,4
25,1ft_raw,2456,7.0,2.5,110.8,169.3,2,5
25,1ft_raw,2500,7.0,1.0,113.0,172.8,4,4
25,1ft_raw,2548,7.0,1.67,130.0,150.8,3,5
25,1ft_raw,2588,7.0,1.33,117.6,171.4,4,3
25,1ft_raw,2646,7.0,1.33,130.8,154.7,3,4
25,1ft_raw,2648,7.0,1.0,144.1,145.8,4,4
25,1ft_raw,2653,7.0,1.33,147.5,215.8,3,4
25,1ft_raw,2778,7.0,1.33,128.7,192.9,3,4
25,1ft_raw,2787,7.0,1.67,141.9,152.1,3,5
25,1ft_raw,2870,7.0,1.33,130.5,177.8,3,4
25,3ft_smooth,4,7.0,1.33,387.0,354.7,3,4
30,1ft_raw,15,7.0,1.0,439.3,24.8,4,4
30,1ft_raw,28,7.0,1.0,431.6,24.0,4,4
30,1ft_raw,33,7.0,1.33,392.2,357.1,3,4
30,1ft_raw,158,7.0,1.0,357.4,352.1,4,4
30,1ft_raw,182,7.0,1.33,346.3,352.7,3,4
30,1ft_raw,186,7.0,1.33,343.6,355.3,3,4
30,1ft_raw,207,7.0,1.0,332.4,344.1,4,4
30,1ft_raw,276,7.0,1.33,317.7,336.6,3,4
30,1ft_raw,336,7.0,1.0,298.8,327.6,4,4
30,1ft_raw,379,7.0,1.0,288.0,324.6,4,4
30,1ft_raw,585,7.0,1.33,423.7,281.3,4,3
30,1ft_raw,656,7.0,1.0,362.3,277.6,4,4
30,1ft_raw,685,7.0,1.0,375.7,276.6,4,4
30,1ft_raw,709,7.0,1.67,143.3,74.9,5,3
30,1ft_raw,866,7.0,2.5,109.3,95.0,5,2
30,1ft_raw,893,7.0,1.0,400.6,267.4,4,4
30,1ft_raw,941,7.0,1.67,125.7,102.7,5,3
30,1ft_raw,989,7.0,2.0,132.1,107.6,4,2
30,1ft_raw,1118,7.0,1.33,141.3,119.2,4,3
30,1ft_raw,1169,7.0,1.33,163.0,118.5,4,3
30,1ft_raw,1555,7.0,2.0,121.4,162.8,2,4
30,1ft_raw,1758,7.0,1.67,252.7,196.2,5,3
30,1ft_raw,1759,7.0,1.0,381.7,129.5,4,4
30,1ft_raw,1777,7.0,1.33,273.5,194.5,4,3
30,1ft_raw,1792,7.0,2.5,379.1,193.2,2,5
25,1ft_raw,1,6.0,1.0,400.5,356.7,3,3
25,1ft_raw,9,6.0,1.33,419.3,17.8,4,3
25,1ft_raw,76,6.0,1.0,397.8,21.3,3,3
25,1ft_raw,216,6.0,2.0,486.4,310.5,2,4
25,1ft_raw,228,6.0,1.33,390.2,36.3,3,4
25,1ft_raw,251,6.0,1.33,330.2,340.1,4,3
25,1ft_raw,310,6.0,1.33,307.8,326.6,4,3
25,1ft_raw,318,6.0,1.33,299.9,326.6,3,4
25,1ft_raw,326,6.0,1.33,299.7,325.7,3,4
25,1ft_raw,333,6.0,1.33,302.5,323.1,4,3
25,1ft_raw,849,6.0,2.0,352.1,281.3,2,4
25,1ft_raw,864,6.0,1.33,161.4,65.9,4,3
25,1ft_raw,979,6.0,2.0,132.8,70.1,4,2
25,1ft_raw,996,6.0,1.0,152.4,73.8,3,3
25,1ft_raw,1012,6.0,2.0,453.8,274.9,4,2
25,1ft_raw,1017,6.0,2.5,149.8,75.2,5,2
25,1ft_raw,1083,6.0,2.0,142.2,79.5,4,2
25,1ft_raw,1146,6.0,2.5,130.0,84.0,5,2
25,1ft_raw,1156,6.0,1.0,104.5,82.6,3,3
25,1ft_raw,1166,6.0,2.0,114.6,83.9,4,2
25,1ft_raw,1176,6.0,1.33,143.2,86.1,4,3
25,1ft_raw,1199,6.0,2.0,98.3,86.6,4,2
25,1ft_raw,1211,6.0,1.0,141.7,88.2,3,3
25,1ft_raw,1215,6.0,2.0,109.0,88.4,4,2
25,1ft_raw,1232,6.0,2.0,137.2,89.9,4,2
25,1ft_raw,1310,6.0,1.33,108.3,97.5,4,3
25,1ft_raw,1315,6.0,1.33,131.3,96.2,4,3
25,1ft_raw,1336,6.0,2.5,92.9,101.0,5,2
25,1ft_raw,1337,6.0,2.0,96.5,100.2,4,2
25,1ft_raw,1373,6.0,1.33,145.8,98.2,4,3
25,1ft_raw,1410,6.0,2.5,133.0,101.5,5,2
25,1ft_raw,1432,6.0,1.33,99.2,107.6,4,3
25,1ft_raw,1454,6.0,2.0,123.7,105.5,4,2
25,1ft_raw,1472,6.0,2.0,107.1,109.7,4,2
25,1ft_raw,1500,6.0,1.33,135.5,107.1,4,3
25,1ft_raw,1532,6.0,1.33,134.5,109.6,4,3
25,1ft_raw,1589,6.0,1.33,119.4,116.9,4,3
25,1ft_raw,1602,6.0,1.5,116.1,118.6,3,2
25,1ft_raw,1604,6.0,1.33,126.1,116.2,4,3
25,1ft_raw,1631,6.0,1.33,115.4,121.4,4,3
25,1ft_raw,1672,6.0,2.5,127.5,121.4,5,2
25,1ft_raw,1684,6.0,2.0,118.9,124.3,4,2
25,1ft_raw,1685,6.0,1.33,121.9,123.5,4,3
25,1ft_raw,1686,6.0,2.5,124.9,122.8,5,2
25,1ft_raw,1697,6.0,1.33,157.2,115.7,4,3
25,1ft_raw,1703,6.0,2.0,154.3,116.6,4,2
25,1ft_raw,1742,6.0,1.33,121.6,126.2,4,3
25,1ft_raw,1784,6.0,1.33,149.4,120.1,4,3
25,1ft_raw,1930,6.0,1.33,102.3,144.8,3,4
25,1ft_raw,2004,6.0,1.0,145.9,126.9,3,3
25,1ft_raw,2017,6.0,2.5,149.5,126.7,5,2
25,1ft_raw,2033,6.0,1.0,107.4,146.3,3,3
25,1ft_raw,2050,6.0,1.33,99.9,155.0,3,4
25,1ft_raw,2098,6.0,1.33,117.3,142.1,3,4
25,1ft_raw,2114,6.0,1.0,95.0,189.9,3,3
25,1ft_raw,2139,6.0,1.33,94.8,183.0,3,4
25,1ft_raw,2220,6.0,1.33,135.7,136.4,4,3
25,1ft_raw,2237,6.0,1.0,121.3,144.5,3,3
25,1ft_raw,2241,6.0,1.33,141.8,134.3,4,3
25,1ft_raw,2294,6.0,1.0,102.2,173.6,3,3
25,1ft_raw,2309,6.0,1.33,110.2,201.3,3,4
25,1ft_raw,2332,6.0,1.33,105.5,189.5,4,3
25,1ft_raw,2406,6.0,1.33,106.5,176.9,3,4
25,1ft_raw,2469,6.0,1.33,136.0,215.6,3,4
25,1ft_raw,2471,6.0,2.0,131.4,213.2,2,4
25,1ft_raw,2497,6.0,1.33,112.3,186.6,3,4
25,1ft_raw,2499,6.0,1.33,112.1,174.4,3,4
25,1ft_raw,2504,6.0,1.33,136.7,144.7,3,4
25,1ft_raw,2515,6.0,1.33,133.2,212.2,3,4
25,1ft_raw,2532,6.0,1.33,134.7,146.7,3,4
25,1ft_raw,2547,6.0,1.33,128.0,152.5,3,4
25,1ft_raw,2559,6.0,1.0,118.2,194.0,3,3
25,1ft_raw,2582,6.0,1.5,122.6,200.3,2,3
25,1ft_raw,2606,6.0,1.0,124.7,159.4,3,3
25,1ft_raw,2639,6.0,1.33,119.0,184.3,4,3
25,1ft_raw,2667,6.0,1.33,141.6,147.6,3,4
25,1ft_raw,2717,6.0,1.0,127.7,163.4,3,3
25,1ft_raw,2784,6.0,1.33,138.0,155.6,3,4
25,1ft_raw,2802,6.0,1.33,130.0,167.5,4,3
25,1ft_raw,2817,6.0,2.0,129.0,189.7,2,4
25,1ft_raw,2893,6.0,1.0,150.5,150.8,3,3
25,1ft_raw,3001,6.0,2.0,147.1,161.9,2,4
25,1ft_raw,3080,6.0,2.0,505.0,242.3,2,4
25,1ft_raw,3126,6.0,1.0,457.3,137.4,3,3
25,1ft_raw,3140,6.0,1.0,378.9,192.0,3,3
25,3ft_smooth,11,6.0,2.0,305.0,327.9,4,2
30,1ft_raw,25,6.0,1.33,431.0,23.6,4,3
30,1ft_raw,36,6.0,2.0,391.2,357.8,2,4
30,1ft_raw,41,6.0,1.33,390.1,355.5,4,3
30,1ft_raw,72,6.0,1.33,381.0,357.3,3,4
30,1ft_raw,90,6.0,1.33,412.1,23.3,3,4
30,1ft_raw,107,6.0,1.33,373.4,355.9,3,4
30,1ft_raw,120,6.0,1.33,370.3,354.0,3,4
30,1ft_raw,125,6.0,1.33,368.5,355.4,4,3
30,1ft_raw,150,6.0,1.33,361.5,353.0,4,3
30,1ft_raw,213,6.0,1.33,393.3,35.8,4,3
30,1ft_raw,216,6.0,1.33,497.6,309.7,3,4
30,1ft_raw,282,6.0,1.0,317.0,333.9,3,3
30,1ft_raw,320,6.0,1.33,306.1,327.2,4,3
30,1ft_raw,338,6.0,1.33,296.3,327.9,4,3
30,1ft_raw,367,6.0,1.33,289.5,325.6,4,3
30,1ft_raw,372,6.0,1.33,290.3,324.6,4,3
30,1ft_raw,448,6.0,2.0,420.9,300.4,2,4
30,1ft_raw,468,6.0,1.33,439.2,298.2,3,4
30,1ft_raw,495,6.0,2.0,313.5,309.2,2,4
30,1ft_raw,529,6.0,2.0,280.4,293.6,2,4
30,1ft_raw,612,6.0,1.33,405.6,278.3,4,3
30,1ft_raw,625,6.0,1.0,420.9,277.3,3,3
30,1ft_raw,958,6.0,1.33,128.6,104.4,4,3
30,1ft_raw,964,6.0,2.5,141.7,104.2,5,2
30,1ft_raw,977,6.0,2.0,121.8,107.7,4,2
30,1ft_raw,1009,6.0,2.0,124.1,110.8,4,2
30,1ft_raw,1199,6.0,1.33,145.0,124.5,4,3
30,1ft_raw,1427,6.0,1.33,135.0,141.8,4,3
30,1ft_raw,1486,6.0,1.33,112.3,186.6,3,4
30,1ft_raw,1492,6.0,1.33,136.7,144.7,3,4
30,3ft_smooth,11,6.0,2.0,235.0,0.5,4,2
25,1ft_raw,8,5.0,1.0,418.3,17.3,3,3
25,1ft_raw,30,5.0,1.0,393.3,4.2,3,3
25,1ft_raw,70,5.0,1.5,404.1,22.7,2,3
25,1ft_raw,109,5.0,2.0,370.1,18.9,4,2
25,1ft_raw,127,5.0,1.5,367.4,337.4,3,2
25,1ft_raw,140,5.0,2.0,341.3,345.2,4,2
25,1ft_raw,160,5.0,1.0,322.6,4.5,3,3
25,1ft_raw,173,5.0,1.0,452.2,314.9,3,3
25,1ft_raw,176,5.0,2.0,444.5,316.1,2,4
25,1ft_raw,215,5.0,1.0,489.7,310.1,3,3
25,1ft_raw,267,5.0,1.0,302.4,1.8,3,3
25,1ft_raw,290,5.0,1.0,286.3,359.1,3,3
25,1ft_raw,340,5.0,1.0,239.7,350.3,3,3
25,1ft_raw,351,5.0,2.0,292.8,321.8,4,2
25,1ft_raw,368,5.0,1.0,225.3,355.5,3,3
25,1ft_raw,375,5.0,1.0,227.6,346.9,3,3
25,1ft_raw,397,5.0,1.0,415.0,301.1,3,3
25,1ft_raw,410,5.0,2.0,260.4,324.5,4,2
25,1ft_raw,490,5.0,1.5,433.6,287.8,3,2
25,1ft_raw,501,5.0,1.5,292.2,294.4,3,2
25,1ft_raw,538,5.0,1.5,119.4,339.6,2,3
25,1ft_raw,774,5.0,1.0,170.4,60.0,3,3
25,1ft_raw,863,5.0,1.5,158.7,65.2,3,2
25,1ft_raw,867,5.0,1.0,164.9,66.5,3,3
25,1ft_raw,882,5.0,1.5,147.0,64.9,3,2
25,1ft_raw,905,5.0,2.0,154.6,67.5,4,2
25,1ft_raw,934,5.0,2.0,129.1,66.4,4,2
25,1ft_raw,967,5.0,1.5,120.5,67.2,3,2
25,1ft_raw,1006,5.0,1.0,368.7,276.3,3,3
25,1ft_raw,1040,5.0,1.0,116.2,73.7,3,3
25,1ft_raw,1071,5.0,2.0,112.9,76.3,4,2
25,1ft_raw,1075,5.0,2.0,145.8,79.4,4,2
25,1ft_raw,1076,5.0,1.5,149.5,79.3,3,2
25,1ft_raw,1088,5.0,1.5,149.1,80.6,3,2
25,1ft_raw,1099,5.0,1.0,119.4,79.7,3,3
25,1ft_raw,1112,5.0,1.5,127.4,81.2,3,2
25,1ft_raw,1124,5.0,1.5,150.2,83.0,3,2
25,1ft_raw,1128,5.0,1.5,121.2,81.6,3,2
25,1ft_raw,1129,5.0,1.0,136.8,82.8,3,3
25,1ft_raw,1165,5.0,1.5,111.8,83.7,3,2
25,1ft_raw,1193,5.0,2.0,124.3,86.8,4,2
25,1ft_raw,1216,5.0,2.0,112.7,88.3,4,2
25,1ft_raw,1235,5.0,1.0,102.5,90.4,3,3
25,1ft_raw,1237,5.0,2.0,133.3,90.6,4,2
25,1ft_raw,1238,5.0,2.0,140.7,90.3,4,2
25,1ft_raw,1253,5.0,1.5,107.9,91.5,3,2
25,1ft_raw,1339,5.0,1.5,124.2,97.7,3,2
25,1ft_raw,1398,5.0,1.5,90.5,105.7,3,2
25,1ft_raw,1415,5.0,2.0,114.4,103.7,4,2
25,1ft_raw,1445,5.0,1.5,132.7,103.3,3,2
25,1ft_raw,1461,5.0,2.0,131.4,105.0,4,2
25,1ft_raw,1474,5.0,2.0,114.2,108.6,4,2
25,1ft_raw,1694,5.0,1.0,258.3,254.8,3,3
25,1ft_raw,1731,5.0,1.5,131.7,122.5,3,2
25,1ft_raw,1739,5.0,2.0,84.9,147.1,2,4
25,1ft_raw,1818,5.0,1.0,83.3,158.5,3,3
25,1ft_raw,1829,5.0,1.0,156.1,119.8,3,3
25,1ft_raw,1831,5.0,2.0,166.3,118.0,4,2
25,1ft_raw,1832,5.0,1.0,364.2,257.6,3,3
25,1ft_raw,1868,5.0,1.0,135.6,126.0,3,3
25,1ft_raw,1887,5.0,1.0,109.5,138.0,3,3
25,1ft_raw,1911,5.0,2.0,155.2,122.4,4,2
25,1ft_raw,1928,5.0,1.0,98.0,148.4,3,3
25,1ft_raw,1943,5.0,1.0,85.4,172.1,3,3
25,1ft_raw,2031,5.0,1.0,103.7,149.7,3,3
25,1ft_raw,2054,5.0,1.0,127.7,135.0,3,3
25,1ft_raw,2065,5.0,1.5,98.9,202.8,2,3
25,1ft_raw,2109,5.0,1.0,119.9,218.9,3,3
25,1ft_raw,2124,5.0,1.0,122.4,140.0,3,3
25,1ft_raw,2127,5.0,2.0,130.0,135.6,2,4
25,1ft_raw,2169,5.0,1.0,143.5,131.6,3,3
25,1ft_raw,2173,5.0,2.0,159.6,126.9,4,2
25,1ft_raw,2199,5.0,2.0,169.6,124.9,4,2
25,1ft_raw,2208,5.0,1.5,104.6,202.1,2,3
25,1ft_raw,2210,5.0,1.0,101.1,195.2,3,3
25,1ft_raw,2239,5.0,1.5,127.5,140.6,3,2
25,1ft_raw,2266,5.0,1.0,123.5,143.6,3,3
25,1ft_raw,2293,5.0,1.0,115.9,208.6,3,3
25,1ft_raw,2308,5.0,1.0,111.3,203.1,3,3
25,1ft_raw,2320,5.0,1.5,123.7,145.7,2,3
25,1ft_raw,2323,5.0,1.0,151.8,132.6,3,3
25,1ft_raw,2386,5.0,2.0,111.2,160.6,2,4
25,1ft_raw,2409,5.0,1.0,119.0,153.5,3,3
25,1ft_raw,2426,5.0,1.5,107.4,175.0,2,3
25,1ft_raw,2435,5.0,1.5,136.1,217.4,2,3
25,1ft_raw,2505,5.0,1.0,139.0,143.5,3,3
25,1ft_raw,2523,5.0,1.5,113.5,188.8,2,3
25,1ft_raw,2524,5.0,1.0,112.8,181.7,3,3
25,1ft_raw,2584,5.0,1.5,116.8,189.7,2,3
25,1ft_raw,2609,5.0,1.0,141.4,145.7,3,3
25,1ft_raw,2625,5.0,2.0,146.2,143.9,4,2
25,1ft_raw,2632,5.0,1.0,152.1,218.8,3,3
25,1ft_raw,2640,5.0,1.0,118.4,178.9,3,3
25,1ft_raw,2650,5.0,2.0,189.8,128.8,4,2
25,1ft_raw,2662,5.0,1.5,130.2,156.4,3,2
25,1ft_raw,2700,5.0,1.0,146.6,145.9,3,3
25,1ft_raw,2701,5.0,1.0,154.2,142.1,3,3
25,1ft_raw,2738,5.0,1.0,125.1,171.0,3,3
25,1ft_raw,2742,5.0,1.5,137.7,153.4,2,3
25,1ft_raw,2752,5.0,1.0,155.0,216.5,3,3
25,1ft_raw,2760,5.0,2.0,124.7,175.9,2,4
25,1ft_raw,2788,5.0,1.0,143.7,150.7,3,3
25,1ft_raw,2812,5.0,1.0,140.8,205.1,3,3
25,1ft_raw,2818,5.0,2.0,128.1,187.7,2,4
25,1ft_raw,2855,5.0,1.0,157.8,145.1,3,3
25,1ft_raw,2892,5.0,1.5,148.3,152.0,2,3
25,1ft_raw,2904,5.0,1.5,135.0,192.3,2,3
25,1ft_raw,2907,5.0,2.0,147.5,153.5,2,4
25,1ft_raw,2951,5.0,1.0,163.8,145.7,3,3
25,1ft_raw,3026,5.0,1.0,155.4,156.4,3,3
25,1ft_raw,3038,5.0,2.0,164.2,150.8,2,4
25,1ft_raw,3087,5.0,1.5,240.7,188.7,2,3
25,1ft_raw,3129,5.0,1.5,353.0,191.1,3,2
25,1ft_raw,3148,5.0,1.0,375.9,173.4,3,3
25,1ft_raw,3160,5.0,1.5,548.3,225.5,2,3
25,1ft_raw,3161,5.0,1.5,545.8,225.3,2,3
25,1ft_raw,3168,5.0,1.5,398.2,191.7,2,3
30,1ft_raw,16,5.0,1.0,440.3,25.2,3,3
30,1ft_raw,95,5.0,1.0,378.4,354.4,3,3
30,1ft_raw,105,5.0,1.0,374.7,354.1,3,3
30,1ft_raw,119,5.0,1.0,370.8,353.3,3,3
30,1ft_raw,144,5.0,1.0,364.1,352.9,3,3
30,1ft_raw,172,5.0,2.0,370.1,18.9,4,2
30,1ft_raw,174,5.0,2.0,354.2,350.2,4,2
30,1ft_raw,188,5.0,2.0,347.2,349.1,2,4
30,1ft_raw,238,5.0,1.5,494.8,309.7,2,3
30,1ft_raw,260,5.0,1.0,327.3,340.9,3,3
30,1ft_raw,265,5.0,2.0,323.9,338.3,4,2
30,1ft_raw,277,5.0,1.0,302.2,344.1,3,3
30,1ft_raw,305,5.0,1.5,308.6,331.1,3,2
30,1ft_raw,345,5.0,1.0,299.7,325.7,3,3
30,1ft_raw,391,5.0,1.0,294.9,321.3,3,3
30,1ft_raw,442,5.0,1.0,402.6,302.0,3,3
30,1ft_raw,475,5.0,1.0,425.7,299.0,3,3
30,1ft_raw,500,5.0,1.5,311.1,51.5,2,3
30,1ft_raw,602,5.0,1.5,260.8,284.1,3,2
30,1ft_raw,643,5.0,1.5,148.8,70.1,3,2
30,1ft_raw,707,5.0,1.5,130.1,72.3,3,2
30,1ft_raw,711,5.0,1.5,124.8,72.6,3,2
30,1ft_raw,735,5.0,2.0,128.3,77.6,4,2
30,1ft_raw,814,5.0,2.0,106.3,86.3,4,2
30,1ft_raw,840,5.0,1.5,99.1,90.4,3,2
30,1ft_raw,845,5.0,1.5,111.1,91.2,3,2
30,1ft_raw,924,5.0,1.5,115.3,101.7,3,2
30,1ft_raw,949,5.0,1.5,89.3,110.0,3,2
30,1ft_raw,1029,5.0,1.0,129.8,111.9,3,3
30,1ft_raw,1030,5.0,2.0,133.2,111.6,4,2
30,1ft_raw,1092,5.0,1.0,102.5,127.5,3,3
30,1ft_raw,1407,5.0,2.0,105.2,187.2,2,4
30,1ft_raw,1411,5.0,2.0,107.8,164.3,2,4
30,1ft_raw,1453,5.0,1.0,114.4,198.7,3,3
30,1ft_raw,1479,5.0,1.5,115.0,163.0,2,3
30,1ft_raw,1543,5.0,1.0,119.0,166.5,3,3
30,1ft_raw,1752,5.0,2.0,244.1,194.1,2,4
30,1ft_raw,1753,5.0,1.5,241.1,190.3,2,3
30,1ft_raw,1813,5.0,1.5,548.3,225.5,2,3
25,1ft_raw,6,4.0,1.5,401.6,5.2,2,3
25,1ft_raw,7,4.0,1.5,402.2,5.7,2,3
25,1ft_raw,19,4.0,1.5,397.4,356.1,3,2
25,1ft_raw,24,4.0,1.5,396.2,356.5,3,2
25,1ft_raw,53,4.0,1.5,390.4,12.3,3,2
25,1ft_raw,67,4.0,1.5,376.6,352.3,3,2
25,1ft_raw,82,4.0,1.5,369.3,2.6,2,3
25,1ft_raw,97,4.0,1.5,385.1,20.0,2,3
25,1ft_raw,118,4.0,1.5,350.2,7.8,2,3
25,1ft_raw,129,4.0,1.5,343.7,348.4,2,3
25,1ft_raw,188,4.0,1.0,434.5,317.2,2,2
25,1ft_raw,195,4.0,1.5,492.1,310.2,3,2
25,1ft_raw,212,4.0,1.5,332.8,342.0,3,2
25,1ft_raw,305,4.0,1.5,270.5,356.5,2,3
25,1ft_raw,353,4.0,1.5,290.0,322.2,3,2
25,1ft_raw,361,4.0,1.5,226.5,1.0,3,2
25,1ft_raw,367,4.0,1.5,265.1,327.9,3,2
25,1ft_raw,406,4.0,1.5,214.9,353.4,3,2
25,1ft_raw,411,4.0,1.5,213.4,356.4,2,3
25,1ft_raw,413,4.0,1.5,432.0,299.4,2,3
25,1ft_raw,422,4.0,1.5,263.6,322.6,3,2
25,1ft_raw,436,4.0,1.5,262.4,321.9,3,2
25,1ft_raw,517,4.0,1.5,115.3,353.0,3,2
25,1ft_raw,582,4.0,1.5,108.8,353.9,2,3
25,1ft_raw,594,4.0,1.5,106.7,3.8,3,2
25,1ft_raw,601,4.0,1.5,111.7,341.5,2,3
25,1ft_raw,617,4.0,1.5,107.5,12.6,2,3
25,1ft_raw,699,4.0,1.5,240.5,293.5,2,3
25,1ft_raw,700,4.0,1.5,96.2,355.5,2,3
25,1ft_raw,736,4.0,1.5,128.3,44.2,2,3
25,1ft_raw,795,4.0,1.5,153.1,57.4,3,2
25,1ft_raw,810,4.0,1.0,164.2,61.3,2,2
25,1ft_raw,868,4.0,1.5,168.3,67.1,3,2
25,1ft_raw,880,4.0,1.0,140.8,63.5,2,2
25,1ft_raw,898,4.0,1.5,162.7,68.2,3,2
25,1ft_raw,899,4.0,1.5,309.4,281.2,2,3
25,1ft_raw,904,4.0,1.5,143.9,65.6,3,2
25,1ft_raw,935,4.0,1.5,132.7,66.6,3,2
25,1ft_raw,968,4.0,1.5,123.8,68.0,3,2
25,1ft_raw,975,4.0,1.5,439.4,275.9,3,2
25,1ft_raw,976,4.0,1.0,429.5,276.1,2,2
25,1ft_raw,986,4.0,1.5,143.4,71.8,3,2
25,1ft_raw,1031,4.0,1.5,160.2,76.8,3,2
25,1ft_raw,1038,4.0,1.5,155.6,77.6,3,2
25,1ft_raw,1044,4.0,1.0,158.5,78.0,2,2
25,1ft_raw,1046,4.0,1.5,309.2,275.9,2,3
25,1ft_raw,1055,4.0,1.5,112.2,74.3,3,2
25,1ft_raw,1063,4.0,1.5,138.4,77.7,3,2
25,1ft_raw,1073,4.0,1.5,131.9,78.0,3,2
25,1ft_raw,1074,4.0,1.5,135.5,78.4,3,2
25,1ft_raw,1077,4.0,1.5,152.7,79.7,3,2
25,1ft_raw,1113,4.0,1.5,134.4,81.7,3,2
25,1ft_raw,1114,4.0,1.0,143.4,82.0,2,2
25,1ft_raw,1130,4.0,1.0,141.1,82.7,2,2
25,1ft_raw,1145,4.0,1.5,126.1,83.4,3,2
25,1ft_raw,1194,4.0,1.5,128.7,86.5,2,3
25,1ft_raw,1204,4.0,1.5,152.1,87.6,3,2
25,1ft_raw,1220,4.0,1.5,121.8,88.7,3,2
25,1ft_raw,1265,4.0,1.5,135.1,91.9,3,2
25,1ft_raw,1285,4.0,1.5,94.1,94.6,3,2
25,1ft_raw,1293,4.0,1.5,119.6,94.1,3,2
25,1ft_raw,1318,4.0,1.0,147.6,95.1,2,2
25,1ft_raw,1332,4.0,1.5,139.1,96.5,3,2
25,1ft_raw,1338,4.0,1.5,120.9,97.9,3,2
25,1ft_raw,1342,4.0,1.5,150.9,96.3,3,2
25,1ft_raw,1369,4.0,1.5,121.0,99.8,3,2
25,1ft_raw,1370,4.0,1.0,130.5,98.8,2,2
25,1ft_raw,1378,4.0,1.5,108.2,101.5,3,2
25,1ft_raw,1397,4.0,1.5,305.0,265.4,3,2
25,1ft_raw,1404,4.0,1.0,94.4,105.4,2,2
25,1ft_raw,1413,4.0,1.5,108.3,104.2,3,2
25,1ft_raw,1414,4.0,1.5,111.2,103.8,3,2
25,1ft_raw,1424,4.0,1.5,148.6,100.7,3,2
25,1ft_raw,1441,4.0,1.5,105.7,106.7,3,2
25,1ft_raw,1464,4.0,1.5,152.7,102.7,3,2
25,1ft_raw,1471,4.0,1.5,100.5,110.7,3,2
25,1ft_raw,1477,4.0,1.5,145.1,104.1,3,2
25,1ft_raw,1478,4.0,1.5,453.7,265.4,3,2
25,1ft_raw,1488,4.0,1.5,118.0,108.7,3,2
25,1ft_raw,1491,4.0,1.5,152.9,104.2,3,2
25,1ft_raw,1508,4.0,1.5,108.1,112.0,3,2
25,1ft_raw,1524,4.0,1.5,401.4,263.8,3,2
25,1ft_raw,1545,4.0,1.5,106.7,115.9,3,2
25,1ft_raw,1553,4.0,1.5,109.8,115.7,3,2
25,1ft_raw,1568,4.0,1.5,119.7,114.4,3,2
25,1ft_raw,1569,4.0,1.5,123.1,113.6,3,2
25,1ft_raw,1577,4.0,1.5,100.3,120.9,3,2
25,1ft_raw,1583,4.0,1.5,116.9,116.9,3,2
25,1ft_raw,1601,4.0,1.5,113.0,119.6,3,2
25,1ft_raw,1603,4.0,4.0,123.0,117.1,4,1
25,1ft_raw,1625,4.0,1.5,156.1,112.0,3,2
25,1ft_raw,1633,4.0,1.5,121.2,119.3,3,2
25,1ft_raw,1636,4.0,1.5,136.4,116.1,2,3
25,1ft_raw,1641,4.0,1.5,144.1,115.3,3,2
25,1ft_raw,1646,4.0,1.5,125.0,120.0,3,2
25,1ft_raw,1647,4.0,1.5,138.0,117.0,3,2
25,1ft_raw,1674,4.0,1.5,135.0,119.1,3,2
25,1ft_raw,1688,4.0,1.5,138.1,118.8,3,2
25,1ft_raw,1695,4.0,1.5,96.9,134.0,3,2
25,1ft_raw,1704,4.0,1.5,160.4,115.3,3,2
25,1ft_raw,1732,4.0,1.5,134.9,121.5,3,2
25,1ft_raw,1734,4.0,1.5,355.3,258.4,3,2
25,1ft_raw,1743,4.0,1.5,124.2,125.0,3,2
25,1ft_raw,1755,4.0,1.5,127.3,124.6,3,2
25,1ft_raw,1771,4.0,1.5,75.1,170.4,2,3
25,1ft_raw,1775,4.0,1.5,98.9,138.9,3,2
25,1ft_raw,1779,4.0,1.5,113.8,130.9,3,2
25,1ft_raw,1806,4.0,1.5,107.2,135.6,3,2
25,1ft_raw,1851,4.0,1.5,149.5,121.7,3,2
25,1ft_raw,1855,4.0,1.0,92.5,211.3,2,2
25,1ft_raw,1874,4.0,1.5,114.2,134.8,3,2
25,1ft_raw,1894,4.0,1.5,157.7,121.1,3,2
25,1ft_raw,1895,4.0,1.5,167.1,119.3,3,2
25,1ft_raw,1936,4.0,1.5,152.0,123.3,3,2
25,1ft_raw,1941,4.0,1.5,97.0,210.0,2,3
25,1ft_raw,1958,4.0,1.5,86.9,170.1,3,2
25,1ft_raw,1962,4.0,1.5,109.3,141.5,3,2
25,1ft_raw,1981,4.0,1.5,123.4,134.5,3,2
25,1ft_raw,2035,4.0,1.5,138.8,130.2,3,2
25,1ft_raw,2038,4.0,1.5,155.4,125.2,3,2
25,1ft_raw,2057,4.0,1.5,144.8,128.7,3,2
25,1ft_raw,2125,4.0,1.5,124.4,138.8,3,2
25,1ft_raw,2128,4.0,1.5,136.2,133.4,3,2
25,1ft_raw,2138,4.0,1.5,95.0,185.6,3,2
25,1ft_raw,2170,4.0,1.5,146.5,130.7,3,2
25,1ft_raw,2195,4.0,1.5,149.4,130.3,3,2
25,1ft_raw,2201,4.0,1.0,174.8,123.3,2,2
25,1ft_raw,2221,4.0,1.5,152.3,129.8,3,2
25,1ft_raw,2243,4.0,1.5,155.4,129.1,2,3
25,1ft_raw,2261,4.0,1.0,99.9,172.5,2,2
25,1ft_raw,2270,4.0,1.5,173.5,124.8,2,3
25,1ft_raw,2278,4.0,1.5,100.3,179.1,2,3
25,1ft_raw,2285,4.0,1.5,125.9,142.6,2,3
25,1ft_raw,2288,4.0,1.0,179.5,123.9,2,2
25,1ft_raw,2299,4.0,1.5,116.5,150.4,2,3
25,1ft_raw,2335,4.0,1.5,104.9,170.7,3,2
25,1ft_raw,2367,4.0,1.5,143.3,136.9,3,2
25,1ft_raw,2388,4.0,1.5,120.7,150.5,2,3
25,1ft_raw,2392,4.0,1.5,139.4,139.2,3,2
25,1ft_raw,2402,4.0,1.5,120.8,208.8,2,3
25,1ft_raw,2440,4.0,1.0,109.1,187.9,2,2
25,1ft_raw,2472,4.0,1.5,129.8,211.6,3,2
25,1ft_raw,2476,4.0,1.5,117.6,200.7,2,3
25,1ft_raw,2507,4.0,1.5,143.6,140.8,2,3
25,1ft_raw,2508,4.0,1.5,146.4,139.2,2,3
25,1ft_raw,2531,4.0,1.5,132.4,147.8,2,3
25,1ft_raw,2555,4.0,1.5,137.3,213.9,2,3
25,1ft_raw,2566,4.0,1.5,124.5,156.9,3,2
25,1ft_raw,2567,4.0,1.5,132.9,149.3,2,3
25,1ft_raw,2583,4.0,1.5,117.4,192.2,2,3
25,1ft_raw,2618,4.0,1.5,128.9,204.5,2,3
25,1ft_raw,2657,4.0,1.0,126.2,199.4,2,2
25,1ft_raw,2670,4.0,1.5,435.0,253.9,3,2
25,1ft_raw,2672,4.0,1.0,145.4,214.3,2,2
25,1ft_raw,2673,4.0,1.0,142.1,212.3,2,2
25,1ft_raw,2696,4.0,1.5,122.0,186.4,2,3
25,1ft_raw,2703,4.0,1.5,173.6,134.4,3,2
25,1ft_raw,2713,4.0,1.5,122.8,183.7,3,2
25,1ft_raw,2733,4.0,1.5,131.5,200.0,3,2
25,1ft_raw,2739,4.0,1.5,127.0,165.6,2,3
25,1ft_raw,2762,4.0,1.5,125.2,173.2,2,3
25,1ft_raw,2790,4.0,1.0,147.9,147.7,2,2
25,1ft_raw,2807,4.0,1.5,449.9,253.6,2,3
25,1ft_raw,2849,4.0,1.0,132.7,166.5,2,2
25,1ft_raw,2887,4.0,1.5,133.9,190.8,3,2
25,1ft_raw,2913,4.0,1.5,134.6,187.9,2,3
25,1ft_raw,2941,4.0,1.5,142.5,198.3,2,3
25,1ft_raw,2990,4.0,1.5,157.1,151.9,3,2
25,1ft_raw,3036,4.0,1.0,160.1,153.3,2,2
25,1ft_raw,3037,4.0,1.5,162.2,151.9,2,3
25,1ft_raw,3041,4.0,1.5,166.8,149.6,2,3
25,1ft_raw,3066,4.0,1.5,493.3,241.9,3,2
25,1ft_raw,3071,4.0,1.5,506.0,242.6,2,3
25,1ft_raw,3073,4.0,1.5,499.1,242.2,2,3
25,1ft_raw,3110,4.0,1.5,388.9,227.9,3,2
25,1ft_raw,3117,4.0,1.5,287.8,195.3,3,2
25,1ft_raw,3153,4.0,1.5,376.1,181.3,2,3
25,1ft_raw,3173,4.0,1.5,394.1,176.3,2,3
30,1ft_raw,7,4.0,1.5,401.6,5.2,2,3
30,1ft_raw,13,4.0,1.5,436.9,23.9,3,2
30,1ft_raw,23,4.0,1.5,396.2,356.5,3,2
30,1ft_raw,64,4.0,1.5,413.3,22.1,2,3
30,1ft_raw,80,4.0,1.5,380.1,356.5,3,2
30,1ft_raw,81,4.0,1.5,379.6,358.2,3,2
30,1ft_raw,127,4.0,1.5,368.0,354.7,3,2
30,1ft_raw,137,4.0,1.5,367.0,352.0,3,2
30,1ft_raw,146,4.0,1.5,363.8,354.2,2,3
30,1ft_raw,198,4.0,1.5,334.8,348.8,3,2
30,1ft_raw,275,4.0,1.5,319.8,335.9,2,3
30,1ft_raw,322,4.0,1.5,301.2,328.9,2,3
30,1ft_raw,343,4.0,1.5,302.2,325.3,3,2
30,1ft_raw,364,4.0,1.5,295.6,324.4,3,2
30,1ft_raw,376,4.0,1.5,294.9,323.1,3,2
30,1ft_raw,393,4.0,1.5,289.1,322.9,3,2
30,1ft_raw,412,4.0,1.5,265.1,327.9,3,2
30,1ft_raw,423,4.0,1.0,358.6,307.6,2,2
30,1ft_raw,426,4.0,1.0,328.6,311.8,2,2
30,1ft_raw,435,4.0,1.5,266.1,324.7,2,3
30,1ft_raw,452,4.0,1.5,439.0,298.9,2,3
30,1ft_raw,543,4.0,1.5,111.5,346.5,3,2
30,1ft_raw,597,4.0,1.5,352.3,281.3,2,3
30,1ft_raw,680,4.0,1.0,364.8,277.1,2,2
30,1ft_raw,683,4.0,1.0,421.3,276.0,2,2
30,1ft_raw,690,4.0,1.5,152.0,73.8,3,2
30,1ft_raw,699,4.0,1.5,123.8,70.9,3,2
30,1ft_raw,701,4.0,4.0,454.2,274.9,4,1
30,1ft_raw,710,4.0,1.5,421.2,275.2,2,3
30,1ft_raw,719,4.0,1.5,127.0,73.8,3,2
30,1ft_raw,726,4.0,1.5,127.0,75.2,3,2
30,1ft_raw,775,4.0,1.5,121.3,81.7,3,2
30,1ft_raw,803,4.0,1.5,137.2,85.2,3,2
30,1ft_raw,807,4.0,1.0,140.4,85.5,2,2
30,1ft_raw,821,4.0,1.0,136.2,87.1,2,2
30,1ft_raw,828,4.0,1.0,142.1,88.0,2,2
30,1ft_raw,838,4.0,1.0,137.0,89.6,2,2
30,1ft_raw,985,4.0,1.5,124.8,107.5,3,2
30,1ft_raw,1010,4.0,1.5,151.4,106.7,3,2
30,1ft_raw,1025,4.0,1.5,113.0,115.5,3,2
30,1ft_raw,1042,4.0,1.5,131.3,113.7,3,2
30,1ft_raw,1056,4.0,1.5,109.7,120.3,3,2
30,1ft_raw,1068,4.0,1.5,149.5,112.6,3,2
30,1ft_raw,1073,4.0,1.5,152.7,112.6,3,2
30,1ft_raw,1151,4.0,1.5,116.9,129.6,3,2
30,1ft_raw,1217,4.0,1.5,100.2,147.0,2,3
30,1ft_raw,1243,4.0,1.5,88.5,184.0,2,3
30,1ft_raw,1441,4.0,1.5,107.0,183.5,2,3
30,1ft_raw,1476,4.0,1.5,112.3,192.1,2,3
30,1ft_raw,1505,4.0,1.5,112.5,174.6,2,3
30,1ft_raw,1506,4.0,1.5,113.0,172.6,2,3
30,1ft_raw,1519,4.0,1.5,125.6,153.9,2,3
30,1ft_raw,1627,4.0,1.0,125.4,169.0,2,2
30,1ft_raw,1751,4.0,1.0,242.1,192.9,2,2
30,1ft_raw,1783,4.0,1.0,457.3,137.5,2,2
30,1ft_raw,1807,4.0,1.5,376.1,181.3,2,3
30,3ft_smooth,17,4.0,1.5,397.2,278.6,2,3
30,3ft_smooth,20,4.0,1.0,425.5,276.2,2,2
30,3ft_smooth,25,4.0,4.0,352.7,133.2,1,4
30,5ft_smooth,10,4.0,4.0,450.0,239.3,1,4
