kind,id,axis,fan_half,nrows,tread,G,useful_cap,raw_cap,min_C_mm,sl_pass,ada_max_pct,ada_plaus,gross_cy,implied_fill_cy,max_row_fill_ft,rake_stress_rows,disturbance_cy,wall_emergent,constructability,drainage_risk,freeboard_ft,bay_view,sunset,view_q,landform_fit,U_score,feasible,fail
geom,G-a330-f45-n12-t2.5,330,45,12,2.5,0,1012,1012,90,12/12,53.5,0.156,0.0,40.8,0.65,0,40.8,False,0.783,0.0,1.2,1.0,0.75,0.925,0.38,86.1,True,
geom,G-a330-f45-n12-t3.0,330,45,12,3.0,0,1040,1040,90,12/12,53.5,0.156,0.0,21.9,0.4,0,21.9,False,0.867,0.0,1.2,1.0,0.75,0.925,0.38,86.2,True,
geom,G-a330-f45-n12-t3.5,330,45,12,3.5,0,1072,1072,90,12/12,53.5,0.156,0.0,17.4,0.25,0,17.4,False,0.917,0.0,1.2,1.0,0.75,0.925,0.38,86.3,True,
geom,G-a330-f45-n12-t4.0,330,45,12,4.0,0,1096,1096,90,12/12,53.5,0.156,0.0,22.2,0.31,0,22.2,False,0.897,0.0,1.2,1.0,0.75,0.925,0.38,86.4,True,
geom,G-a330-f45-n16-t2.5,330,45,16,2.5,0,1418,1418,90,16/16,53.5,0.156,0.0,64.2,0.65,0,64.2,False,0.783,0.0,1.2,1.0,0.75,0.925,0.38,87.6,True,
geom,G-a330-f45-n16-t3.0,330,45,16,3.0,0,1469,1469,90,16/16,53.5,0.156,0.0,34.8,0.4,0,34.8,False,0.867,0.0,1.2,1.0,0.75,0.925,0.38,87.7,True,
geom,G-a330-f45-n16-t3.5,330,45,16,3.5,0,1526,1526,90,16/16,53.5,0.156,0.0,35.2,0.36,0,35.2,False,0.88,0.0,1.2,1.0,0.75,0.925,0.38,88.0,True,
geom,G-a330-f45-n16-t4.0,330,45,16,4.0,0,1572,1572,90,16/16,53.5,0.156,0.0,33.3,0.31,0,33.3,False,0.897,0.0,1.2,1.0,0.75,0.925,0.38,88.1,True,
geom,G-a330-f45-n20-t2.5,330,45,20,2.5,0,1858,1858,90,20/20,53.5,0.156,0.0,101.9,0.76,0,101.9,False,0.747,0.0,1.2,1.0,0.75,0.925,0.38,88.9,True,
geom,G-a330-f45-n20-t3.0,330,45,20,3.0,0,1939,1939,90,20/20,53.5,0.156,0.0,46.8,0.4,0,46.8,False,0.867,0.0,1.2,1.0,0.75,0.925,0.38,88.9,True,
geom,G-a330-f45-n20-t3.5,330,45,20,3.5,0,2028,2028,90,20/20,53.5,0.156,0.0,46.3,0.36,0,46.3,False,0.88,0.0,1.2,1.0,0.78,0.934,0.38,89.2,True,
geom,G-a330-f45-n20-t4.0,330,45,20,4.0,0,2102,2102,90,20/20,53.5,0.156,0.0,105.9,1.19,0,105.9,False,0.603,0.0,1.2,1.0,0.88,0.964,0.38,90.0,True,
geom,G-a330-f45-n24-t2.5,330,45,24,2.5,0,2333,2333,90,24/24,53.5,0.156,0.0,164.5,1.02,0,164.5,False,0.66,0.0,1.2,1.0,0.75,0.925,0.38,88.9,True,
geom,G-a330-f45-n24-t3.0,330,45,24,3.0,0,2451,2451,90,24/24,53.5,0.156,0.0,76.3,0.42,0,76.3,False,0.86,0.0,1.2,1.0,0.81,0.943,0.38,89.4,True,
geom,G-a330-f45-n24-t3.5,330,45,24,3.5,0,2578,2578,90,24/24,53.5,0.156,0.0,227.1,2.34,2,227.1,False,0.22,0.0,1.2,1.0,0.91,0.973,0.38,90.2,True,
geom,G-a330-f45-n24-t4.0,330,45,24,4.0,0,2687,2687,90,24/24,53.5,0.156,0.0,656.2,4.87,4,656.2,True,0.0,0.0,1.2,1.0,1.0,1.0,0.38,90.9,False,emergent_wall: measured fill 4.87 ft > 3.0 ft
geom,G-a330-f45-n28-t2.5,330,45,28,2.5,0,2841,2841,90,28/28,53.5,0.156,0.0,261.2,1.65,1,261.2,False,0.45,0.0,1.2,1.0,0.81,0.943,0.38,89.4,True,
geom,G-a330-f45-n28-t3.0,330,45,28,3.0,0,3003,3003,90,28/28,53.5,0.156,0.0,306.6,2.93,3,306.6,False,0.023,0.0,1.2,1.0,0.91,0.973,0.38,90.2,True,
geom,G-a330-f45-n28-t3.5,330,45,28,3.5,0,3176,3176,90,28/28,53.5,0.156,0.0,867.1,5.87,6,867.1,True,0.0,0.0,1.2,1.0,1.0,1.0,0.38,90.9,False,emergent_wall: measured fill 5.87 ft > 3.0 ft
geom,G-a330-f45-n28-t4.0,330,45,28,4.0,0,3327,3327,90,28/28,53.5,0.156,0.0,1925.8,8.89,8,1925.8,True,0.0,0.0,1.2,1.0,1.0,1.0,0.38,90.9,False,emergent_wall: measured fill 8.89 ft > 3.0 ft
geom,G-a330-f50-n12-t2.5,330,50,12,2.5,0,1125,1125,90,12/12,53.5,0.156,0.0,45.3,0.65,0,45.3,False,0.783,0.0,1.2,1.0,0.75,0.925,0.38,86.5,True,
geom,G-a330-f50-n12-t3.0,330,50,12,3.0,0,1155,1155,90,12/12,53.5,0.156,0.0,24.3,0.4,0,24.3,False,0.867,0.0,1.2,1.0,0.75,0.925,0.38,86.6,True,
geom,G-a330-f50-n12-t3.5,330,50,12,3.5,0,1188,1188,90,12/12,53.5,0.156,0.0,16.5,0.25,0,16.5,False,0.917,0.0,1.2,1.0,0.75,0.925,0.38,86.7,True,
geom,G-a330-f50-n12-t4.0,330,50,12,4.0,0,1219,1219,90,12/12,53.5,0.156,0.0,24.6,0.31,0,24.6,False,0.897,0.0,1.2,1.0,0.75,0.925,0.38,86.8,True,
geom,G-a330-f50-n16-t2.5,330,50,16,2.5,0,1576,1576,90,16/16,53.5,0.156,0.0,71.3,0.65,0,71.3,False,0.783,0.0,1.2,1.0,0.75,0.925,0.38,88.1,True,
geom,G-a330-f50-n16-t3.0,330,50,16,3.0,0,1633,1633,90,16/16,53.5,0.156,0.0,34.3,0.4,0,34.3,False,0.867,0.0,1.2,1.0,0.75,0.925,0.38,88.3,True,
geom,G-a330-f50-n16-t3.5,330,50,16,3.5,0,1691,1691,90,16/16,53.5,0.156,0.0,33.6,0.36,0,33.6,False,0.88,0.0,1.2,1.0,0.75,0.925,0.38,88.6,True,
geom,G-a330-f50-n16-t4.0,330,50,16,4.0,0,1747,1747,90,16/16,53.5,0.156,0.0,37.0,0.31,0,37.0,False,0.897,0.0,1.2,1.0,0.75,0.925,0.38,88.8,True,
geom,G-a330-f50-n20-t2.5,330,50,20,2.5,0,2066,2066,90,20/20,53.5,0.156,0.0,113.1,0.76,0,113.1,False,0.747,0.0,1.2,1.0,0.75,0.925,0.38,88.9,True,
geom,G-a330-f50-n20-t3.0,330,50,20,3.0,0,2155,2155,90,20/20,53.5,0.156,0.0,47.6,0.4,0,47.6,False,0.867,0.0,1.2,1.0,0.75,0.925,0.38,88.9,True,
geom,G-a330-f50-n20-t3.5,330,50,20,3.5,0,2247,2247,90,20/20,53.5,0.156,0.0,56.1,0.36,0,56.1,False,0.88,0.0,1.2,1.0,0.81,0.943,0.38,89.4,True,
geom,G-a330-f50-n20-t4.0,330,50,20,4.0,0,2336,2336,90,20/20,53.5,0.156,0.0,126.4,1.14,0,126.4,False,0.62,0.0,1.2,1.0,0.91,0.973,0.38,90.2,True,
geom,G-a330-f50-n24-t2.5,330,50,24,2.5,0,2593,2593,90,24/24,53.5,0.156,0.0,182.6,1.02,0,182.6,False,0.66,0.0,1.2,1.0,0.75,0.925,0.38,88.9,True,
geom,G-a330-f50-n24-t3.0,330,50,24,3.0,0,2724,2724,90,24/24,53.5,0.156,0.0,108.0,0.88,0,108.0,False,0.707,0.0,1.2,1.0,0.84,0.952,0.38,89.7,True,
geom,G-a330-f50-n24-t3.5,330,50,24,3.5,0,2856,2856,90,24/24,53.5,0.156,0.0,257.8,2.35,2,257.8,False,0.217,0.0,1.2,1.0,0.97,0.991,0.38,90.7,True,
geom,G-a330-f50-n24-t4.0,330,50,24,4.0,0,2987,2987,90,24/24,53.5,0.156,0.0,717.2,4.77,4,717.2,True,0.0,0.0,1.2,1.0,1.0,1.0,0.38,90.9,False,emergent_wall: measured fill 4.77 ft > 3.0 ft
geom,G-a330-f50-n28-t2.5,330,50,28,2.5,0,3159,3159,90,28/28,53.5,0.156,0.0,303.9,1.65,1,303.9,False,0.45,0.0,1.2,1.0,0.81,0.943,0.38,89.4,True,
geom,G-a330-f50-n28-t3.0,330,50,28,3.0,0,3338,3338,90,28/28,53.5,0.156,0.0,368.1,3.08,3,368.1,True,0.0,0.0,1.2,1.0,0.97,0.991,0.38,90.7,False,emergent_wall: measured fill 3.08 ft > 3.0 ft
geom,G-a330-f50-n28-t3.5,330,50,28,3.5,0,3519,3519,90,28/28,53.5,0.156,0.0,966.2,5.84,6,966.2,True,0.0,0.0,1.2,1.0,1.0,1.0,0.38,90.9,False,emergent_wall: measured fill 5.84 ft > 3.0 ft
geom,G-a330-f50-n28-t4.0,330,50,28,4.0,0,3699,3699,90,28/28,53.5,0.156,0.0,2138.8,8.98,8,2138.8,True,0.0,0.0,1.2,1.0,1.0,1.0,0.38,90.9,False,emergent_wall: measured fill 8.98 ft > 3.0 ft
geom,G-a330-f55-n12-t2.5,330,55,12,2.5,0,1238,1238,90,12/12,53.5,0.156,0.0,40.9,0.63,0,40.9,False,0.79,0.0,1.2,1.0,0.75,0.925,1.0,93.0,True,
geom,G-a330-f55-n12-t3.0,330,55,12,3.0,0,1272,1272,90,12/12,53.5,0.156,0.0,8.3,0.12,0,8.3,False,0.96,0.0,1.2,1.0,0.75,0.925,1.0,93.1,True,
geom,G-a330-f55-n12-t3.5,330,55,12,3.5,0,1306,1306,90,12/12,53.5,0.156,0.0,16.0,0.32,0,16.0,False,0.893,0.0,1.2,1.0,0.75,0.925,1.0,93.3,True,
geom,G-a330-f55-n12-t4.0,330,55,12,4.0,0,1342,1342,111,12/12,53.5,0.156,0.0,2.8,0.01,0,2.8,False,0.997,0.0,1.2,1.0,0.75,0.925,1.0,93.4,True,
geom,G-a330-f55-n16-t2.5,330,55,16,2.5,0,1734,1734,90,16/16,53.5,0.156,0.0,63.7,0.63,0,63.7,False,0.79,0.0,1.2,1.0,0.75,0.925,1.0,94.8,True,
geom,G-a330-f55-n16-t3.0,330,55,16,3.0,0,1797,1797,90,16/16,53.5,0.156,0.0,9.4,0.12,0,9.4,False,0.96,0.0,1.2,1.0,0.75,0.925,1.0,95.1,True,
geom,G-a330-f55-n16-t3.5,330,55,16,3.5,0,1859,1859,90,16/16,53.5,0.156,0.0,22.8,0.32,0,22.8,False,0.893,0.0,1.2,1.0,0.75,0.925,1.0,95.1,True,
geom,G-a330-f55-n16-t4.0,330,55,16,4.0,0,1923,1923,91,16/16,53.5,0.156,0.0,6.1,0.06,0,6.1,False,0.98,0.0,1.2,1.0,0.78,0.934,1.0,95.3,True,
geom,G-a330-f55-n20-t2.5,330,55,20,2.5,0,2273,2273,90,20/20,53.5,0.156,0.0,81.4,0.63,0,81.4,False,0.79,0.0,1.2,1.0,0.75,0.925,1.0,95.1,True,
geom,G-a330-f55-n20-t3.0,330,55,20,3.0,0,2372,2372,90,20/20,53.5,0.156,0.0,24.1,0.17,0,24.1,False,0.943,0.0,1.2,1.0,0.75,0.925,1.0,95.1,True,
geom,G-a330-f55-n20-t3.5,330,55,20,3.5,0,2471,2471,90,20/20,53.5,0.156,0.0,47.4,0.32,0,47.4,False,0.893,0.0,1.2,1.0,0.84,0.952,1.0,95.8,True,
geom,G-a330-f55-n20-t4.0,330,55,20,4.0,0,2571,2571,91,20/20,53.5,0.156,0.0,92.5,1.05,0,92.5,False,0.65,0.0,1.2,1.0,0.94,0.982,1.0,96.6,True,
geom,G-a330-f55-n24-t2.5,330,55,24,2.5,0,2853,2853,90,24/24,53.5,0.156,0.0,108.4,0.63,0,108.4,False,0.79,0.0,1.2,1.0,0.75,0.925,1.0,95.1,True,
geom,G-a330-f55-n24-t3.0,330,55,24,3.0,0,2998,2998,90,24/24,53.5,0.156,0.0,78.0,0.58,0,78.0,False,0.807,0.0,1.2,1.0,0.88,0.964,1.0,96.1,True,
geom,G-a330-f55-n24-t3.5,330,55,24,3.5,0,3142,3142,90,24/24,53.5,0.156,0.0,238.2,2.16,1,238.2,False,0.28,0.0,1.2,1.0,1.0,1.0,1.0,97.0,True,
geom,G-a330-f55-n24-t4.0,330,55,24,4.0,0,3287,3287,90,24/24,53.5,0.156,0.0,743.9,4.75,4,743.9,True,0.0,0.0,1.2,1.0,1.0,1.0,1.0,97.0,False,emergent_wall: measured fill 4.75 ft > 3.0 ft
geom,G-a330-f55-n28-t2.5,330,55,28,2.5,0,3476,3476,90,28/28,53.5,0.156,0.0,191.9,1.09,0,191.9,False,0.637,0.0,1.2,1.0,0.88,0.964,1.0,96.1,True,
geom,G-a330-f55-n28-t3.0,330,55,28,3.0,0,3674,3674,90,28/28,53.5,0.156,0.0,317.5,2.85,2,317.5,False,0.05,0.0,1.2,1.0,1.0,1.0,1.0,97.0,True,
geom,G-a330-f55-n28-t3.5,330,55,28,3.5,0,3872,3872,90,28/28,53.5,0.156,0.0,996.8,5.61,5,996.8,True,0.0,0.0,1.2,1.0,1.0,1.0,1.0,97.0,False,emergent_wall: measured fill 5.61 ft > 3.0 ft
geom,G-a330-f55-n28-t4.0,330,55,28,4.0,0,4070,4070,90,28/28,53.5,0.156,0.0,2299.3,8.97,8,2299.3,True,0.0,0.0,1.2,1.0,1.0,1.0,1.0,97.0,False,emergent_wall: measured fill 8.97 ft > 3.0 ft
geom,G-a330-f60-n12-t2.5,330,60,12,2.5,0,1351,1351,91,12/12,53.5,0.156,0.0,13.5,0.25,0,13.5,False,0.917,0.0,1.2,1.0,0.75,0.925,0.38,86.7,True,
geom,G-a330-f60-n12-t3.0,330,60,12,3.0,0,1389,1389,90,12/12,53.5,0.156,0.0,12.2,0.25,0,12.2,False,0.917,0.0,1.2,1.0,0.75,0.925,0.38,86.9,True,
geom,G-a330-f60-n12-t3.5,330,60,12,3.5,0,1428,1428,93,12/12,53.5,0.156,0.0,8.0,0.25,0,8.0,False,0.917,0.0,1.2,1.0,0.75,0.925,0.38,87.0,True,
geom,G-a330-f60-n12-t4.0,330,60,12,4.0,0,1464,1464,120,12/12,53.5,0.156,0.0,9.3,0.25,0,9.3,False,0.917,0.0,1.2,1.0,0.75,0.925,0.38,87.1,True,
geom,G-a330-f60-n16-t2.5,330,60,16,2.5,0,1893,1893,91,16/16,53.5,0.156,0.0,19.0,0.25,0,19.0,False,0.917,0.0,1.2,1.0,0.75,0.925,0.38,88.4,True,
geom,G-a330-f60-n16-t3.0,330,60,16,3.0,0,1961,1961,90,16/16,53.5,0.156,0.0,14.6,0.25,0,14.6,False,0.917,0.0,1.2,1.0,0.75,0.925,0.38,88.4,True,
geom,G-a330-f60-n16-t3.5,330,60,16,3.5,0,2032,2032,93,16/16,53.5,0.156,0.0,8.0,0.25,0,8.0,False,0.917,0.0,1.2,1.0,0.75,0.925,0.38,88.4,True,
geom,G-a330-f60-n16-t4.0,330,60,16,4.0,0,2099,2099,103,16/16,53.5,0.156,0.0,10.2,0.25,0,10.2,False,0.917,0.0,1.2,1.0,0.81,0.943,0.38,88.8,True,
geom,G-a330-f60-n20-t2.5,330,60,20,2.5,0,2480,2480,90,20/20,53.5,0.156,0.0,21.8,0.25,0,21.8,False,0.917,0.0,1.2,1.0,0.75,0.925,0.38,88.4,True,
geom,G-a330-f60-n20-t3.0,330,60,20,3.0,0,2589,2589,90,20/20,53.5,0.156,0.0,19.8,0.25,0,19.8,False,0.917,0.0,1.2,1.0,0.78,0.934,0.38,88.6,True,
geom,G-a330-f60-n20-t3.5,330,60,20,3.5,0,2700,2700,93,20/20,53.5,0.156,0.0,8.8,0.25,0,8.8,False,0.917,0.0,1.2,1.0,0.88,0.964,0.38,89.4,True,
geom,G-a330-f60-n20-t4.0,330,60,20,4.0,0,2807,2807,91,20/20,53.5,0.156,0.0,74.6,0.92,0,74.6,False,0.693,0.0,1.2,1.0,0.97,0.991,0.38,90.1,True,
geom,G-a330-f60-n24-t2.5,330,60,24,2.5,0,3114,3114,90,24/24,53.5,0.156,0.0,60.1,0.5,0,60.1,False,0.833,0.0,1.2,1.0,0.81,0.943,0.38,88.8,True,
geom,G-a330-f60-n24-t3.0,330,60,24,3.0,0,3272,3272,90,24/24,53.5,0.156,0.0,53.5,0.43,0,53.5,False,0.857,0.0,1.2,1.0,0.91,0.973,0.38,89.6,True,
geom,G-a330-f60-n24-t3.5,330,60,24,3.5,0,3432,3432,90,24/24,53.5,0.156,0.0,212.9,2.22,1,212.9,False,0.26,0.0,1.2,1.0,1.0,1.0,0.38,90.3,True,
geom,G-a330-f60-n24-t4.0,330,60,24,4.0,0,3588,3588,90,24/24,53.5,0.156,0.0,767.1,4.69,4,767.1,True,0.0,0.0,1.2,1.0,1.0,1.0,0.38,90.3,False,emergent_wall: measured fill 4.69 ft > 3.0 ft
geom,G-a330-f60-n28-t2.5,330,60,28,2.5,0,3793,3793,90,28/28,53.5,0.156,0.0,148.9,0.89,0,148.9,False,0.703,0.0,1.2,1.0,0.88,0.964,0.38,89.4,True,
geom,G-a330-f60-n28-t3.0,330,60,28,3.0,0,4010,4010,90,28/28,53.5,0.156,0.0,294.0,2.6,2,294.0,False,0.133,0.0,1.2,1.0,1.0,1.0,0.38,90.3,True,
geom,G-a330-f60-n28-t3.5,330,60,28,3.5,0,4228,4228,90,28/28,53.5,0.156,0.0,1042.2,5.79,5,1042.2,True,0.0,0.0,1.2,1.0,1.0,1.0,0.38,90.3,False,emergent_wall: measured fill 5.79 ft > 3.0 ft
geom,G-a330-f60-n28-t4.0,330,60,28,4.0,0,4442,4442,90,28/28,53.5,0.156,0.0,2474.2,9.1,8,2474.2,True,0.0,0.0,1.2,1.0,1.0,1.0,0.38,90.3,False,emergent_wall: measured fill 9.10 ft > 3.0 ft
geom,G-a330-f65-n12-t2.5,330,65,12,2.5,0,1464,1464,90,12/12,53.5,0.156,0.0,18.8,0.37,0,18.8,False,0.877,0.0,1.2,1.0,0.75,0.925,0.38,86.7,True,
geom,G-a330-f65-n12-t3.0,330,65,12,3.0,0,1505,1505,92,12/12,53.5,0.156,0.0,8.6,0.24,0,8.6,False,0.92,0.0,1.2,1.0,0.75,0.925,0.38,86.8,True,
geom,G-a330-f65-n12-t3.5,330,65,12,3.5,0,1546,1546,90,12/12,53.5,0.156,0.0,12.2,0.24,0,12.2,False,0.92,0.0,1.2,1.0,0.75,0.925,0.38,87.0,True,
geom,G-a330-f65-n12-t4.0,330,65,12,4.0,0,1590,1590,91,12/12,53.5,0.156,0.0,12.8,0.24,0,12.8,False,0.92,0.0,1.2,1.0,0.75,0.925,0.38,87.1,True,
geom,G-a330-f65-n16-t2.5,330,65,16,2.5,0,2050,2050,90,16/16,53.5,0.156,0.0,28.5,0.37,0,28.5,False,0.877,0.0,1.2,1.0,0.75,0.925,0.38,87.9,True,
geom,G-a330-f65-n16-t3.0,330,65,16,3.0,0,2126,2126,91,16/16,53.5,0.156,0.0,12.3,0.24,0,12.3,False,0.92,0.0,1.2,1.0,0.75,0.925,0.38,87.9,True,
geom,G-a330-f65-n16-t3.5,330,65,16,3.5,0,2200,2200,90,16/16,53.5,0.156,0.0,15.3,0.24,0,15.3,False,0.92,0.0,1.2,1.0,0.78,0.934,0.38,88.1,True,
geom,G-a330-f65-n16-t4.0,330,65,16,4.0,0,2276,2276,91,16/16,53.5,0.156,0.0,16.6,0.24,0,16.6,False,0.92,0.0,1.2,1.0,0.84,0.952,0.38,88.6,True,
geom,G-a330-f65-n20-t2.5,330,65,20,2.5,0,2688,2688,90,20/20,53.5,0.156,0.0,43.1,0.44,0,43.1,False,0.853,0.0,1.2,1.0,0.75,0.925,0.38,87.9,True,
geom,G-a330-f65-n20-t3.0,330,65,20,3.0,0,2806,2806,90,20/20,53.5,0.156,0.0,51.2,0.34,0,51.2,False,0.887,0.0,1.2,1.0,0.81,0.943,0.38,88.4,True,
geom,G-a330-f65-n20-t3.5,330,65,20,3.5,0,2923,2923,90,20/20,53.5,0.156,0.0,38.6,0.24,0,38.6,False,0.92,0.0,1.2,1.0,0.88,0.964,0.38,88.9,True,
geom,G-a330-f65-n20-t4.0,330,65,20,4.0,0,3042,3042,91,20/20,53.5,0.156,0.0,66.6,0.69,0,66.6,False,0.77,0.0,1.2,1.0,1.0,1.0,0.38,89.9,True,
geom,G-a330-f65-n24-t2.5,330,65,24,2.5,0,3374,3374,90,24/24,53.5,0.156,0.0,85.4,0.44,0,85.4,False,0.853,0.0,1.2,1.0,0.81,0.943,0.38,88.4,True,
geom,G-a330-f65-n24-t3.0,330,65,24,3.0,0,3546,3546,90,24/24,53.5,0.156,0.0,136.3,0.75,0,136.3,False,0.75,0.0,1.2,1.0,0.91,0.973,0.38,89.2,True,
geom,G-a330-f65-n24-t3.5,330,65,24,3.5,0,3716,3716,90,24/24,53.5,0.156,0.0,257.7,2.19,1,257.7,False,0.27,0.0,1.2,1.0,1.0,1.0,0.38,89.9,True,
geom,G-a330-f65-n24-t4.0,330,65,24,4.0,0,3888,3888,91,24/24,53.5,0.156,0.0,787.9,4.5,4,787.9,True,0.0,0.0,1.2,1.0,1.0,1.0,0.38,89.9,False,emergent_wall: measured fill 4.50 ft > 3.0 ft
geom,G-a330-f65-n28-t2.5,330,65,28,2.5,0,4110,4110,90,28/28,53.5,0.156,0.0,200.8,1.24,0,200.8,False,0.587,0.0,1.2,1.0,0.91,0.973,0.38,89.2,True,
geom,G-a330-f65-n28-t3.0,330,65,28,3.0,0,4345,4345,90,28/28,53.5,0.156,0.0,435.3,2.94,2,435.3,False,0.02,0.0,1.2,1.0,1.0,1.0,0.38,89.9,True,
geom,G-a330-f65-n28-t3.5,330,65,28,3.5,0,4578,4578,90,28/28,53.5,0.156,0.0,1166.7,5.68,5,1166.7,True,0.0,0.0,1.2,1.0,1.0,1.0,0.38,89.9,False,emergent_wall: measured fill 5.68 ft > 3.0 ft
geom,G-a330-f65-n28-t4.0,330,65,28,4.0,0,4814,4814,91,28/28,53.5,0.156,0.0,2615.2,9.18,8,2615.2,True,0.0,0.0,1.2,1.0,1.0,1.0,0.38,89.9,False,emergent_wall: measured fill 9.18 ft > 3.0 ft
geom,G-a325-f45-n12-t2.5,325,45,12,2.5,0,1012,1012,90,12/12,53.5,0.156,0.0,10.3,0.4,0,10.3,False,0.867,0.0,1.2,1.0,0.75,0.925,0.44,86.7,True,
geom,G-a325-f45-n12-t3.0,325,45,12,3.0,0,1040,1040,90,12/12,53.5,0.156,0.0,18.6,0.4,0,18.6,False,0.867,0.0,1.2,1.0,0.75,0.925,0.44,86.8,True,
geom,G-a325-f45-n12-t3.5,325,45,12,3.5,0,1072,1072,90,12/12,53.5,0.156,0.0,16.0,0.4,0,16.0,False,0.867,0.0,1.2,1.0,0.75,0.925,0.44,86.9,True,
geom,G-a325-f45-n12-t4.0,325,45,12,4.0,0,1096,1096,91,12/12,53.5,0.156,0.0,9.6,0.4,0,9.6,False,0.867,0.0,1.2,1.0,0.75,0.925,0.44,87.0,True,
geom,G-a325-f45-n16-t2.5,325,45,16,2.5,0,1418,1418,90,16/16,53.5,0.156,0.0,15.1,0.4,0,15.1,False,0.867,0.0,1.2,1.0,0.75,0.925,0.44,88.2,True,
geom,G-a325-f45-n16-t3.0,325,45,16,3.0,0,1469,1469,90,16/16,53.5,0.156,0.0,19.0,0.4,0,19.0,False,0.867,0.0,1.2,1.0,0.75,0.925,0.44,88.3,True,
geom,G-a325-f45-n16-t3.5,325,45,16,3.5,0,1526,1526,90,16/16,53.5,0.156,0.0,16.8,0.4,0,16.8,False,0.867,0.0,1.2,1.0,0.75,0.925,0.44,88.5,True,
geom,G-a325-f45-n16-t4.0,325,45,16,4.0,0,1572,1572,91,16/16,53.5,0.156,0.0,10.6,0.4,0,10.6,False,0.867,0.0,1.2,1.0,0.78,0.934,0.44,89.0,True,
geom,G-a325-f45-n20-t2.5,325,45,20,2.5,0,1858,1858,90,20/20,53.5,0.156,0.0,26.2,0.4,0,26.2,False,0.867,0.0,1.2,1.0,0.75,0.925,0.44,89.5,True,
geom,G-a325-f45-n20-t3.0,325,45,20,3.0,0,1939,1939,90,20/20,53.5,0.156,0.0,21.9,0.4,0,21.9,False,0.867,0.0,1.2,1.0,0.75,0.925,0.44,89.5,True,
geom,G-a325-f45-n20-t3.5,325,45,20,3.5,0,2028,2028,90,20/20,53.5,0.156,0.0,29.8,0.4,0,29.8,False,0.867,0.0,1.2,1.0,0.84,0.952,0.44,90.3,True,
geom,G-a325-f45-n20-t4.0,325,45,20,4.0,0,2102,2102,91,20/20,53.5,0.156,0.0,56.1,0.72,0,56.1,False,0.76,0.0,1.2,1.0,0.94,0.982,0.44,91.0,True,
geom,G-a325-f45-n24-t2.5,325,45,24,2.5,0,2333,2333,90,24/24,53.5,0.156,0.0,47.4,0.4,0,47.4,False,0.867,0.0,1.2,1.0,0.75,0.925,0.44,89.5,True,
geom,G-a325-f45-n24-t3.0,325,45,24,3.0,0,2451,2451,90,24/24,53.5,0.156,0.0,42.6,0.4,0,42.6,False,0.867,0.0,1.2,1.0,0.88,0.964,0.44,90.6,True,
geom,G-a325-f45-n24-t3.5,325,45,24,3.5,0,2578,2578,90,24/24,53.5,0.156,0.0,146.6,1.74,1,146.6,False,0.42,0.0,1.2,1.0,1.0,1.0,0.44,91.5,True,
geom,G-a325-f45-n24-t4.0,325,45,24,4.0,0,2687,2687,91,24/24,53.5,0.156,0.0,486.9,4.05,3,486.9,True,0.0,0.0,1.2,1.0,1.0,1.0,0.44,91.5,False,emergent_wall: measured fill 4.05 ft > 3.0 ft
geom,G-a325-f45-n28-t2.5,325,45,28,2.5,0,2841,2841,90,28/28,53.5,0.156,0.0,104.9,0.82,0,104.9,False,0.727,0.0,1.2,1.0,0.84,0.952,0.44,90.3,True,
geom,G-a325-f45-n28-t3.0,325,45,28,3.0,0,3003,3003,90,28/28,53.5,0.156,0.0,203.1,2.24,2,203.1,False,0.253,0.0,1.2,1.0,1.0,1.0,0.44,91.5,True,
geom,G-a325-f45-n28-t3.5,325,45,28,3.5,0,3176,3176,90,28/28,53.5,0.156,0.0,701.3,5.28,5,701.3,True,0.0,0.0,1.2,1.0,1.0,1.0,0.44,91.5,False,emergent_wall: measured fill 5.28 ft > 3.0 ft
geom,G-a325-f45-n28-t4.0,325,45,28,4.0,0,3327,3327,91,28/28,53.5,0.156,0.0,1660.5,8.28,7,1660.5,True,0.0,0.0,1.2,1.0,1.0,1.0,0.44,91.5,False,emergent_wall: measured fill 8.28 ft > 3.0 ft
geom,G-a325-f50-n12-t2.5,325,50,12,2.5,0,1125,1125,91,12/12,53.5,0.156,0.0,7.6,0.23,0,7.6,False,0.923,0.0,1.2,1.0,0.75,0.925,0.5,87.7,True,
geom,G-a325-f50-n12-t3.0,325,50,12,3.0,0,1155,1155,91,12/12,53.5,0.156,0.0,9.0,0.21,0,9.0,False,0.93,0.0,1.2,1.0,0.75,0.925,0.5,87.8,True,
geom,G-a325-f50-n12-t3.5,325,50,12,3.5,0,1188,1188,90,12/12,53.5,0.156,0.0,4.6,0.12,0,4.6,False,0.96,0.0,1.2,1.0,0.75,0.925,0.5,87.9,True,
geom,G-a325-f50-n12-t4.0,325,50,12,4.0,0,1219,1219,104,12/12,53.5,0.156,0.0,4.2,0.12,0,4.2,False,0.96,0.0,1.2,1.0,0.75,0.925,0.5,88.0,True,
geom,G-a325-f50-n16-t2.5,325,50,16,2.5,0,1576,1576,91,16/16,53.5,0.156,0.0,23.4,0.36,0,23.4,False,0.88,0.0,1.2,1.0,0.75,0.925,0.5,89.3,True,
geom,G-a325-f50-n16-t3.0,325,50,16,3.0,0,1633,1633,91,16/16,53.5,0.156,0.0,9.7,0.21,0,9.7,False,0.93,0.0,1.2,1.0,0.75,0.925,0.5,89.5,True,
geom,G-a325-f50-n16-t3.5,325,50,16,3.5,0,1691,1691,90,16/16,53.5,0.156,0.0,6.4,0.12,0,6.4,False,0.96,0.0,1.2,1.0,0.75,0.925,0.5,89.7,True,
geom,G-a325-f50-n16-t4.0,325,50,16,4.0,0,1747,1747,91,16/16,53.5,0.156,0.0,7.5,0.12,0,7.5,False,0.96,0.0,1.2,1.0,0.81,0.943,0.5,90.4,True,
geom,G-a325-f50-n20-t2.5,325,50,20,2.5,0,2066,2066,91,20/20,53.5,0.156,0.0,36.2,0.36,0,36.2,False,0.88,0.0,1.2,1.0,0.75,0.925,0.5,90.1,True,
geom,G-a325-f50-n20-t3.0,325,50,20,3.0,0,2155,2155,91,20/20,53.5,0.156,0.0,11.9,0.21,0,11.9,False,0.93,0.0,1.2,1.0,0.78,0.934,0.5,90.4,True,
geom,G-a325-f50-n20-t3.5,325,50,20,3.5,0,2247,2247,90,20/20,53.5,0.156,0.0,13.3,0.16,0,13.3,False,0.947,0.0,1.2,1.0,0.88,0.964,0.5,91.2,True,
geom,G-a325-f50-n20-t4.0,325,50,20,4.0,0,2336,2336,91,20/20,53.5,0.156,0.0,58.7,0.88,0,58.7,False,0.707,0.0,1.2,1.0,0.97,0.991,0.5,91.9,True,
geom,G-a325-f50-n24-t2.5,325,50,24,2.5,0,2593,2593,90,24/24,53.5,0.156,0.0,59.1,0.36,0,59.1,False,0.88,0.0,1.2,1.0,0.78,0.934,0.5,90.4,True,
geom,G-a325-f50-n24-t3.0,325,50,24,3.0,0,2724,2724,90,24/24,53.5,0.156,0.0,24.9,0.21,0,24.9,False,0.93,0.0,1.2,1.0,0.91,0.973,0.5,91.4,True,
geom,G-a325-f50-n24-t3.5,325,50,24,3.5,0,2856,2856,90,24/24,53.5,0.156,0.0,143.8,1.81,1,143.8,False,0.397,0.0,1.2,1.0,1.0,1.0,0.5,92.1,True,
geom,G-a325-f50-n24-t4.0,325,50,24,4.0,0,2987,2987,90,24/24,53.5,0.156,0.0,599.1,4.51,4,599.1,True,0.0,0.0,1.2,1.0,1.0,1.0,0.5,92.1,False,emergent_wall: measured fill 4.51 ft > 3.0 ft
geom,G-a325-f50-n28-t2.5,325,50,28,2.5,0,3159,3159,90,28/28,53.5,0.156,0.0,114.1,0.77,0,114.1,False,0.743,0.0,1.2,1.0,0.88,0.964,0.5,91.2,True,
geom,G-a325-f50-n28-t3.0,325,50,28,3.0,0,3338,3338,90,28/28,53.5,0.156,0.0,201.8,2.38,2,201.8,False,0.207,0.0,1.2,1.0,1.0,1.0,0.5,92.1,True,
geom,G-a325-f50-n28-t3.5,325,50,28,3.5,0,3519,3519,90,28/28,53.5,0.156,0.0,781.6,5.4,5,781.6,True,0.0,0.0,1.2,1.0,1.0,1.0,0.5,92.1,False,emergent_wall: measured fill 5.40 ft > 3.0 ft
geom,G-a325-f50-n28-t4.0,325,50,28,4.0,0,3699,3699,90,28/28,53.5,0.156,0.0,1965.5,8.68,8,1965.5,True,0.0,0.0,1.2,1.0,1.0,1.0,0.5,92.1,False,emergent_wall: measured fill 8.68 ft > 3.0 ft
geom,G-a325-f55-n12-t2.5,325,55,12,2.5,0,1238,1238,90,12/12,53.5,0.156,0.0,15.2,0.31,0,15.2,False,0.897,0.0,1.2,1.0,0.75,0.925,0.5,88.1,True,
geom,G-a325-f55-n12-t3.0,325,55,12,3.0,0,1272,1272,90,12/12,53.5,0.156,0.0,7.1,0.14,0,7.1,False,0.953,0.0,1.2,1.0,0.75,0.925,0.5,88.2,True,
geom,G-a325-f55-n12-t3.5,325,55,12,3.5,0,1306,1306,91,12/12,53.5,0.156,0.0,10.0,0.14,0,10.0,False,0.953,0.0,1.2,1.0,0.75,0.925,0.5,88.3,True,
geom,G-a325-f55-n12-t4.0,325,55,12,4.0,0,1342,1342,106,12/12,53.5,0.156,0.0,5.6,0.14,0,5.6,False,0.953,0.0,1.2,1.0,0.75,0.925,0.5,88.5,True,
geom,G-a325-f55-n16-t2.5,325,55,16,2.5,0,1734,1734,90,16/16,53.5,0.156,0.0,19.3,0.31,0,19.3,False,0.897,0.0,1.2,1.0,0.75,0.925,0.5,89.9,True,
geom,G-a325-f55-n16-t3.0,325,55,16,3.0,0,1797,1797,90,16/16,53.5,0.156,0.0,12.8,0.19,0,12.8,False,0.937,0.0,1.2,1.0,0.75,0.925,0.5,90.1,True,
geom,G-a325-f55-n16-t3.5,325,55,16,3.5,0,1859,1859,91,16/16,53.5,0.156,0.0,14.7,0.14,0,14.7,False,0.953,0.0,1.2,1.0,0.75,0.925,0.5,90.1,True,
geom,G-a325-f55-n16-t4.0,325,55,16,4.0,0,1923,1923,91,16/16,53.5,0.156,0.0,10.8,0.14,0,10.8,False,0.953,0.0,1.2,1.0,0.84,0.952,0.5,90.8,True,
geom,G-a325-f55-n20-t2.5,325,55,20,2.5,0,2273,2273,90,20/20,53.5,0.156,0.0,26.8,0.31,0,26.8,False,0.897,0.0,1.2,1.0,0.75,0.925,0.5,90.1,True,
geom,G-a325-f55-n20-t3.0,325,55,20,3.0,0,2372,2372,90,20/20,53.5,0.156,0.0,23.5,0.21,0,23.5,False,0.93,0.0,1.2,1.0,0.81,0.943,0.5,90.6,True,
geom,G-a325-f55-n20-t3.5,325,55,20,3.5,0,2471,2471,90,20/20,53.5,0.156,0.0,42.6,0.29,0,42.6,False,0.903,0.0,1.2,1.0,0.88,0.964,0.5,91.2,True,
geom,G-a325-f55-n20-t4.0,325,55,20,4.0,0,2571,2571,90,20/20,53.5,0.156,0.0,60.2,0.73,0,60.2,False,0.757,0.0,1.2,1.0,1.0,1.0,0.5,92.1,True,
geom,G-a325-f55-n24-t2.5,325,55,24,2.5,0,2853,2853,90,24/24,53.5,0.156,0.0,54.1,0.41,0,54.1,False,0.863,0.0,1.2,1.0,0.81,0.943,0.5,90.6,True,
geom,G-a325-f55-n24-t3.0,325,55,24,3.0,0,2998,2998,90,24/24,53.5,0.156,0.0,76.6,0.55,0,76.6,False,0.817,0.0,1.2,1.0,0.91,0.973,0.5,91.4,True,
geom,G-a325-f55-n24-t3.5,325,55,24,3.5,0,3142,3142,90,24/24,53.5,0.156,0.0,208.6,1.99,1,208.6,False,0.337,0.0,1.2,1.0,1.0,1.0,0.5,92.1,True,
geom,G-a325-f55-n24-t4.0,325,55,24,4.0,0,3287,3287,90,24/24,53.5,0.156,0.0,660.5,4.54,4,660.5,True,0.0,0.0,1.2,1.0,1.0,1.0,0.5,92.1,False,emergent_wall: measured fill 4.54 ft > 3.0 ft
geom,G-a325-f55-n28-t2.5,325,55,28,2.5,0,3476,3476,90,28/28,53.5,0.156,0.0,123.1,0.89,0,123.1,False,0.703,0.0,1.2,1.0,0.91,0.973,0.5,91.4,True,
geom,G-a325-f55-n28-t3.0,325,55,28,3.0,0,3674,3674,90,28/28,53.5,0.156,0.0,309.1,2.67,2,309.1,False,0.11,0.0,1.2,1.0,1.0,1.0,0.5,92.1,True,
geom,G-a325-f55-n28-t3.5,325,55,28,3.5,0,3872,3872,90,28/28,53.5,0.156,0.0,956.9,5.72,5,956.9,True,0.0,0.0,1.2,1.0,1.0,1.0,0.5,92.1,False,emergent_wall: measured fill 5.72 ft > 3.0 ft
geom,G-a325-f55-n28-t4.0,325,55,28,4.0,0,4070,4070,90,28/28,53.5,0.156,0.0,2177.2,8.85,8,2177.2,True,0.0,0.0,1.2,1.0,1.0,1.0,0.5,92.1,False,emergent_wall: measured fill 8.85 ft > 3.0 ft
geom,G-a325-f60-n12-t2.5,325,60,12,2.5,0,1351,1351,90,12/12,53.5,0.156,0.0,11.8,0.29,0,11.8,False,0.903,0.0,1.2,1.0,0.75,0.925,0.56,88.5,True,
geom,G-a325-f60-n12-t3.0,325,60,12,3.0,0,1389,1389,92,12/12,53.5,0.156,0.0,8.8,0.25,0,8.8,False,0.917,0.0,1.2,1.0,0.75,0.925,0.56,88.6,True,
geom,G-a325-f60-n12-t3.5,325,60,12,3.5,0,1428,1428,92,12/12,53.5,0.156,0.0,10.3,0.25,0,10.3,False,0.917,0.0,1.2,1.0,0.75,0.925,0.56,88.8,True,
geom,G-a325-f60-n12-t4.0,325,60,12,4.0,0,1464,1464,110,12/12,53.5,0.156,0.0,8.2,0.25,0,8.2,False,0.917,0.0,1.2,1.0,0.75,0.925,0.56,88.9,True,
geom,G-a325-f60-n16-t2.5,325,60,16,2.5,0,1893,1893,90,16/16,53.5,0.156,0.0,16.5,0.29,0,16.5,False,0.903,0.0,1.2,1.0,0.75,0.925,0.56,90.1,True,
geom,G-a325-f60-n16-t3.0,325,60,16,3.0,0,1961,1961,92,16/16,53.5,0.156,0.0,14.5,0.25,0,14.5,False,0.917,0.0,1.2,1.0,0.75,0.925,0.56,90.1,True,
geom,G-a325-f60-n16-t3.5,325,60,16,3.5,0,2032,2032,92,16/16,53.5,0.156,0.0,11.1,0.25,0,11.1,False,0.917,0.0,1.2,1.0,0.78,0.934,0.56,90.4,True,
geom,G-a325-f60-n16-t4.0,325,60,16,4.0,0,2099,2099,92,16/16,53.5,0.156,0.0,24.3,0.3,0,24.3,False,0.9,0.0,1.2,1.0,0.84,0.952,0.56,90.8,True,
geom,G-a325-f60-n20-t2.5,325,60,20,2.5,0,2480,2480,90,20/20,53.5,0.156,0.0,34.8,0.29,0,34.8,False,0.903,0.0,1.2,1.0,0.75,0.925,0.56,90.1,True,
geom,G-a325-f60-n20-t3.0,325,60,20,3.0,0,2589,2589,92,20/20,53.5,0.156,0.0,25.8,0.26,0,25.8,False,0.913,0.0,1.2,1.0,0.81,0.943,0.56,90.6,True,
geom,G-a325-f60-n20-t3.5,325,60,20,3.5,0,2700,2700,90,20/20,53.5,0.156,0.0,39.1,0.29,0,39.1,False,0.903,0.0,1.2,1.0,0.94,0.982,0.56,91.6,True,
geom,G-a325-f60-n20-t4.0,325,60,20,4.0,0,2807,2807,91,20/20,53.5,0.156,0.0,96.3,0.95,0,96.3,False,0.683,0.0,1.2,1.0,1.0,1.0,0.56,92.1,True,
geom,G-a325-f60-n24-t2.5,325,60,24,2.5,0,3114,3114,90,24/24,53.5,0.156,0.0,52.1,0.29,0,52.1,False,0.903,0.0,1.2,1.0,0.81,0.943,0.56,90.6,True,
geom,G-a325-f60-n24-t3.0,325,60,24,3.0,0,3272,3272,90,24/24,53.5,0.156,0.0,90.4,0.66,0,90.4,False,0.78,0.0,1.2,1.0,0.94,0.982,0.56,91.6,True,
geom,G-a325-f60-n24-t3.5,325,60,24,3.5,0,3432,3432,90,24/24,53.5,0.156,0.0,229.1,2.09,1,229.1,False,0.303,0.0,1.2,1.0,1.0,1.0,0.56,92.1,True,
geom,G-a325-f60-n24-t4.0,325,60,24,4.0,0,3588,3588,90,24/24,53.5,0.156,0.0,777.9,4.59,4,777.9,True,0.0,0.0,1.2,1.0,1.0,1.0,0.56,92.1,False,emergent_wall: measured fill 4.59 ft > 3.0 ft
geom,G-a325-f60-n28-t2.5,325,60,28,2.5,0,3793,3793,90,28/28,53.5,0.156,0.0,128.4,0.81,0,128.4,False,0.73,0.0,1.2,1.0,0.94,0.982,0.56,91.6,True,
geom,G-a325-f60-n28-t3.0,325,60,28,3.0,0,4010,4010,90,28/28,53.5,0.156,0.0,354.6,2.78,2,354.6,False,0.073,0.0,1.2,1.0,1.0,1.0,0.56,92.1,True,
geom,G-a325-f60-n28-t3.5,325,60,28,3.5,0,4228,4228,90,28/28,53.5,0.156,0.0,1069.0,5.86,5,1069.0,True,0.0,0.0,1.2,1.0,1.0,1.0,0.56,92.1,False,emergent_wall: measured fill 5.86 ft > 3.0 ft
geom,G-a325-f60-n28-t4.0,325,60,28,4.0,0,4442,4442,90,28/28,53.5,0.156,0.0,2457.5,8.95,8,2457.5,True,0.0,0.0,1.2,1.0,1.0,1.0,0.56,92.1,False,emergent_wall: measured fill 8.95 ft > 3.0 ft
geom,G-a325-f65-n12-t2.5,325,65,12,2.5,0,1464,1464,92,12/12,53.5,0.156,0.0,17.5,0.25,0,17.5,False,0.917,0.0,1.2,1.0,0.75,0.925,0.12,84.1,True,
geom,G-a325-f65-n12-t3.0,325,65,12,3.0,0,1505,1505,91,12/12,53.5,0.156,0.0,12.5,0.25,0,12.5,False,0.917,0.0,1.2,1.0,0.75,0.925,0.12,84.3,True,
geom,G-a325-f65-n12-t3.5,325,65,12,3.5,0,1546,1546,90,12/12,53.5,0.156,0.0,13.9,0.25,0,13.9,False,0.917,0.0,1.2,1.0,0.75,0.925,0.12,84.4,True,
geom,G-a325-f65-n12-t4.0,325,65,12,4.0,0,1590,1590,91,12/12,53.5,0.156,0.0,9.6,0.25,0,9.6,False,0.917,0.0,1.2,1.0,0.75,0.925,0.12,84.6,True,
geom,G-a325-f65-n16-t2.5,325,65,16,2.5,0,2050,2050,90,16/16,53.5,0.156,0.0,18.8,0.25,0,18.8,False,0.917,0.0,1.2,1.0,0.75,0.925,0.12,85.3,True,
geom,G-a325-f65-n16-t3.0,325,65,16,3.0,0,2126,2126,91,16/16,53.5,0.156,0.0,15.3,0.25,0,15.3,False,0.917,0.0,1.2,1.0,0.75,0.925,0.12,85.3,True,
geom,G-a325-f65-n16-t3.5,325,65,16,3.5,0,2200,2200,90,16/16,53.5,0.156,0.0,16.7,0.25,0,16.7,False,0.917,0.0,1.2,1.0,0.78,0.934,0.12,85.6,True,
geom,G-a325-f65-n16-t4.0,325,65,16,4.0,0,2276,2276,90,16/16,53.5,0.156,0.0,14.3,0.25,0,14.3,False,0.917,0.0,1.2,1.0,0.84,0.952,0.12,86.0,True,
geom,G-a325-f65-n20-t2.5,325,65,20,2.5,0,2688,2688,90,20/20,53.5,0.156,0.0,30.4,0.29,0,30.4,False,0.903,0.0,1.2,1.0,0.75,0.925,0.12,85.3,True,
geom,G-a325-f65-n20-t3.0,325,65,20,3.0,0,2806,2806,91,20/20,53.5,0.156,0.0,39.3,0.38,0,39.3,False,0.873,0.0,1.2,1.0,0.81,0.943,0.12,85.8,True,
geom,G-a325-f65-n20-t3.5,325,65,20,3.5,0,2923,2923,90,20/20,53.5,0.156,0.0,18.3,0.25,0,18.3,False,0.917,0.0,1.2,1.0,0.94,0.982,0.12,86.8,True,
geom,G-a325-f65-n20-t4.0,325,65,20,4.0,0,3042,3042,90,20/20,53.5,0.156,0.0,73.1,0.7,0,73.1,False,0.767,0.0,1.2,1.0,1.0,1.0,0.12,87.3,True,
geom,G-a325-f65-n24-t2.5,325,65,24,2.5,0,3374,3374,90,24/24,53.5,0.156,0.0,47.4,0.29,0,47.4,False,0.903,0.0,1.2,1.0,0.84,0.952,0.12,86.0,True,
geom,G-a325-f65-n24-t3.0,325,65,24,3.0,0,3546,3546,91,24/24,53.5,0.156,0.0,93.1,0.58,0,93.1,False,0.807,0.0,1.2,1.0,0.97,0.991,0.12,87.1,True,
geom,G-a325-f65-n24-t3.5,325,65,24,3.5,0,3716,3716,90,24/24,53.5,0.156,0.0,205.5,2.0,1,205.5,False,0.333,0.0,1.2,1.0,1.0,1.0,0.12,87.3,True,
geom,G-a325-f65-n24-t4.0,325,65,24,4.0,0,3888,3888,90,24/24,53.5,0.156,0.0,801.5,4.58,3,801.5,True,0.0,0.0,1.2,1.0,1.0,1.0,0.12,87.3,False,emergent_wall: measured fill 4.58 ft > 3.0 ft
geom,G-a325-f65-n28-t2.5,325,65,28,2.5,0,4110,4110,90,28/28,53.5,0.156,0.0,123.3,0.76,0,123.3,False,0.747,0.0,1.2,1.0,0.94,0.982,0.12,86.8,True,
geom,G-a325-f65-n28-t3.0,325,65,28,3.0,0,4345,4345,90,28/28,53.5,0.156,0.0,372.7,2.56,2,372.7,False,0.147,0.0,1.2,1.0,1.0,1.0,0.12,87.3,True,
geom,G-a325-f65-n28-t3.5,325,65,28,3.5,0,4578,4578,90,28/28,53.5,0.156,0.0,1122.5,5.9,5,1122.5,True,0.0,0.0,1.2,1.0,1.0,1.0,0.12,87.3,False,emergent_wall: measured fill 5.90 ft > 3.0 ft
geom,G-a325-f65-n28-t4.0,325,65,28,4.0,0,4814,4814,90,28/28,53.5,0.156,0.0,2605.0,8.93,7,2605.0,True,0.0,0.0,1.2,1.0,1.0,1.0,0.12,87.3,False,emergent_wall: measured fill 8.93 ft > 3.0 ft
geom,G-a320-f45-n12-t2.5,320,45,12,2.5,0,1012,1012,92,12/12,53.5,0.156,0.0,16.1,0.34,0,16.1,False,0.887,0.0,1.2,1.0,0.75,0.925,0.25,84.8,True,
geom,G-a320-f45-n12-t3.0,320,45,12,3.0,0,1040,1040,91,12/12,53.5,0.156,0.0,11.6,0.34,0,11.6,False,0.887,0.0,1.2,1.0,0.75,0.925,0.25,84.9,True,
geom,G-a320-f45-n12-t3.5,320,45,12,3.5,0,1072,1072,90,12/12,53.5,0.156,0.0,10.8,0.34,0,10.8,False,0.887,0.0,1.2,1.0,0.75,0.925,0.25,85.0,True,
geom,G-a320-f45-n12-t4.0,320,45,12,4.0,0,1096,1096,91,12/12,53.5,0.156,0.0,15.5,0.34,0,15.5,False,0.887,0.0,1.2,1.0,0.75,0.925,0.25,85.1,True,
geom,G-a320-f45-n16-t2.5,320,45,16,2.5,0,1418,1418,92,16/16,53.5,0.156,0.0,16.7,0.34,0,16.7,False,0.887,0.0,1.2,1.0,0.75,0.925,0.25,86.3,True,
geom,G-a320-f45-n16-t3.0,320,45,16,3.0,0,1469,1469,91,16/16,53.5,0.156,0.0,12.3,0.34,0,12.3,False,0.887,0.0,1.2,1.0,0.75,0.925,0.25,86.5,True,
geom,G-a320-f45-n16-t3.5,320,45,16,3.5,0,1526,1526,90,16/16,53.5,0.156,0.0,14.2,0.34,0,14.2,False,0.887,0.0,1.2,1.0,0.75,0.925,0.25,86.7,True,
geom,G-a320-f45-n16-t4.0,320,45,16,4.0,0,1572,1572,91,16/16,53.5,0.156,0.0,19.4,0.34,0,19.4,False,0.887,0.0,1.2,1.0,0.84,0.952,0.25,87.6,True,
geom,G-a320-f45-n20-t2.5,320,45,20,2.5,0,1858,1858,90,20/20,53.5,0.156,0.0,23.1,0.34,0,23.1,False,0.887,0.0,1.2,1.0,0.75,0.925,0.25,87.7,True,
geom,G-a320-f45-n20-t3.0,320,45,20,3.0,0,1939,1939,90,20/20,53.5,0.156,0.0,16.6,0.34,0,16.6,False,0.887,0.0,1.2,1.0,0.81,0.943,0.25,88.1,True,
geom,G-a320-f45-n20-t3.5,320,45,20,3.5,0,2028,2028,90,20/20,53.5,0.156,0.0,19.2,0.34,0,19.2,False,0.887,0.0,1.2,1.0,0.88,0.964,0.25,88.7,True,
geom,G-a320-f45-n20-t4.0,320,45,20,4.0,0,2102,2102,90,20/20,53.5,0.156,0.0,60.5,0.49,0,60.5,False,0.837,0.0,1.2,1.0,1.0,1.0,0.25,89.6,True,
geom,G-a320-f45-n24-t2.5,320,45,24,2.5,0,2333,2333,90,24/24,53.5,0.156,0.0,35.7,0.34,0,35.7,False,0.887,0.0,1.2,1.0,0.81,0.943,0.25,88.1,True,
geom,G-a320-f45-n24-t3.0,320,45,24,3.0,0,2451,2451,90,24/24,53.5,0.156,0.0,44.4,0.38,0,44.4,False,0.873,0.0,1.2,1.0,0.91,0.973,0.25,88.9,True,
geom,G-a320-f45-n24-t3.5,320,45,24,3.5,0,2578,2578,90,24/24,53.5,0.156,0.0,103.6,1.47,0,103.6,False,0.51,0.0,1.2,1.0,1.0,1.0,0.25,89.6,True,
geom,G-a320-f45-n24-t4.0,320,45,24,4.0,0,2687,2687,90,24/24,53.5,0.156,0.0,488.8,4.14,3,488.8,True,0.0,0.0,1.2,1.0,1.0,1.0,0.25,89.6,False,emergent_wall: measured fill 4.14 ft > 3.0 ft
geom,G-a320-f45-n28-t2.5,320,45,28,2.5,0,2841,2841,90,28/28,53.5,0.156,0.0,84.8,0.7,0,84.8,False,0.767,0.0,1.2,1.0,0.91,0.973,0.25,88.9,True,
geom,G-a320-f45-n28-t3.0,320,45,28,3.0,0,3003,3003,90,28/28,53.5,0.156,0.0,176.0,2.04,1,176.0,False,0.32,0.0,1.2,1.0,1.0,1.0,0.25,89.6,True,
geom,G-a320-f45-n28-t3.5,320,45,28,3.5,0,3176,3176,90,28/28,53.5,0.156,0.0,599.7,4.89,4,599.7,True,0.0,0.0,1.2,1.0,1.0,1.0,0.25,89.6,False,emergent_wall: measured fill 4.89 ft > 3.0 ft
geom,G-a320-f45-n28-t4.0,320,45,28,4.0,0,3327,3327,90,28/28,53.5,0.156,0.0,1653.9,8.1,7,1653.9,True,0.0,0.0,1.2,1.0,1.0,1.0,0.25,89.6,False,emergent_wall: measured fill 8.10 ft > 3.0 ft
geom,G-a320-f50-n12-t2.5,320,50,12,2.5,0,1125,1125,90,12/12,53.5,0.156,0.0,12.2,0.25,0,12.2,False,0.917,0.0,1.2,1.0,0.75,0.925,0.38,86.5,True,
geom,G-a320-f50-n12-t3.0,320,50,12,3.0,0,1155,1155,91,12/12,53.5,0.156,0.0,9.8,0.25,0,9.8,False,0.917,0.0,1.2,1.0,0.75,0.925,0.38,86.6,True,
geom,G-a320-f50-n12-t3.5,320,50,12,3.5,0,1188,1188,90,12/12,53.5,0.156,0.0,11.1,0.25,0,11.1,False,0.917,0.0,1.2,1.0,0.75,0.925,0.38,86.7,True,
geom,G-a320-f50-n12-t4.0,320,50,12,4.0,0,1219,1219,91,12/12,53.5,0.156,0.0,7.9,0.25,0,7.9,False,0.917,0.0,1.2,1.0,0.75,0.925,0.38,86.8,True,
geom,G-a320-f50-n16-t2.5,320,50,16,2.5,0,1576,1576,90,16/16,53.5,0.156,0.0,12.4,0.25,0,12.4,False,0.917,0.0,1.2,1.0,0.75,0.925,0.38,88.1,True,
geom,G-a320-f50-n16-t3.0,320,50,16,3.0,0,1633,1633,91,16/16,53.5,0.156,0.0,10.1,0.25,0,10.1,False,0.917,0.0,1.2,1.0,0.75,0.925,0.38,88.3,True,
geom,G-a320-f50-n16-t3.5,320,50,16,3.5,0,1691,1691,90,16/16,53.5,0.156,0.0,11.1,0.25,0,11.1,False,0.917,0.0,1.2,1.0,0.75,0.925,0.38,88.6,True,
geom,G-a320-f50-n16-t4.0,320,50,16,4.0,0,1747,1747,91,16/16,53.5,0.156,0.0,18.9,0.25,0,18.9,False,0.917,0.0,1.2,1.0,0.84,0.952,0.38,89.5,True,
geom,G-a320-f50-n20-t2.5,320,50,20,2.5,0,2066,2066,90,20/20,53.5,0.156,0.0,21.7,0.36,0,21.7,False,0.88,0.0,1.2,1.0,0.75,0.925,0.38,88.9,True,
geom,G-a320-f50-n20-t3.0,320,50,20,3.0,0,2155,2155,91,20/20,53.5,0.156,0.0,26.3,0.25,0,26.3,False,0.917,0.0,1.2,1.0,0.81,0.943,0.38,89.4,True,
geom,G-a320-f50-n20-t3.5,320,50,20,3.5,0,2247,2247,90,20/20,53.5,0.156,0.0,14.9,0.25,0,14.9,False,0.917,0.0,1.2,1.0,0.94,0.982,0.38,90.4,True,
geom,G-a320-f50-n20-t4.0,320,50,20,4.0,0,2336,2336,91,20/20,53.5,0.156,0.0,46.6,0.53,0,46.6,False,0.823,0.0,1.2,1.0,1.0,1.0,0.38,90.9,True,
geom,G-a320-f50-n24-t2.5,320,50,24,2.5,0,2593,2593,90,24/24,53.5,0.156,0.0,45.4,0.36,0,45.4,False,0.88,0.0,1.2,1.0,0.81,0.943,0.38,89.4,True,
geom,G-a320-f50-n24-t3.0,320,50,24,3.0,0,2724,2724,91,24/24,53.5,0.156,0.0,55.1,0.33,0,55.1,False,0.89,0.0,1.2,1.0,0.94,0.982,0.38,90.4,True,
geom,G-a320-f50-n24-t3.5,320,50,24,3.5,0,2856,2856,90,24/24,53.5,0.156,0.0,125.3,1.64,1,125.3,False,0.453,0.0,1.2,1.0,1.0,1.0,0.38,90.9,True,
geom,G-a320-f50-n24-t4.0,320,50,24,4.0,0,2987,2987,91,24/24,53.5,0.156,0.0,520.7,4.12,3,520.7,True,0.0,0.0,1.2,1.0,1.0,1.0,0.38,90.9,False,emergent_wall: measured fill 4.12 ft > 3.0 ft
geom,G-a320-f50-n28-t2.5,320,50,28,2.5,0,3159,3159,90,28/28,53.5,0.156,0.0,114.1,0.83,0,114.1,False,0.723,0.0,1.2,1.0,0.94,0.982,0.38,90.4,True,
geom,G-a320-f50-n28-t3.0,320,50,28,3.0,0,3338,3338,90,28/28,53.5,0.156,0.0,213.3,2.17,1,213.3,False,0.277,0.0,1.2,1.0,1.0,1.0,0.38,90.9,True,
geom,G-a320-f50-n28-t3.5,320,50,28,3.5,0,3519,3519,90,28/28,53.5,0.156,0.0,733.6,5.21,5,733.6,True,0.0,0.0,1.2,1.0,1.0,1.0,0.38,90.9,False,emergent_wall: measured fill 5.21 ft > 3.0 ft
geom,G-a320-f50-n28-t4.0,320,50,28,4.0,0,3699,3699,91,28/28,53.5,0.156,0.0,1806.8,8.25,7,1806.8,True,0.0,0.0,1.2,1.0,1.0,1.0,0.38,90.9,False,emergent_wall: measured fill 8.25 ft > 3.0 ft
geom,G-a320-f55-n12-t2.5,320,55,12,2.5,0,1238,1238,91,12/12,53.5,0.156,0.0,19.1,0.34,0,19.1,False,0.887,0.0,1.2,1.0,0.75,0.925,0.19,85.0,True,
geom,G-a320-f55-n12-t3.0,320,55,12,3.0,0,1272,1272,91,12/12,53.5,0.156,0.0,10.5,0.34,0,10.5,False,0.887,0.0,1.2,1.0,0.75,0.925,0.19,85.2,True,
geom,G-a320-f55-n12-t3.5,320,55,12,3.5,0,1306,1306,90,12/12,53.5,0.156,0.0,11.0,0.34,0,11.0,False,0.887,0.0,1.2,1.0,0.75,0.925,0.19,85.3,True,
geom,G-a320-f55-n12-t4.0,320,55,12,4.0,0,1342,1342,91,12/12,53.5,0.156,0.0,11.1,0.34,0,11.1,False,0.887,0.0,1.2,1.0,0.75,0.925,0.19,85.4,True,
geom,G-a320-f55-n16-t2.5,320,55,16,2.5,0,1734,1734,91,16/16,53.5,0.156,0.0,22.2,0.34,0,22.2,False,0.887,0.0,1.2,1.0,0.75,0.925,0.19,86.8,True,
geom,G-a320-f55-n16-t3.0,320,55,16,3.0,0,1797,1797,90,16/16,53.5,0.156,0.0,15.6,0.34,0,15.6,False,0.887,0.0,1.2,1.0,0.75,0.925,0.19,87.1,True,
geom,G-a320-f55-n16-t3.5,320,55,16,3.5,0,1859,1859,90,16/16,53.5,0.156,0.0,11.6,0.34,0,11.6,False,0.887,0.0,1.2,1.0,0.78,0.934,0.19,87.3,True,
geom,G-a320-f55-n16-t4.0,320,55,16,4.0,0,1923,1923,91,16/16,53.5,0.156,0.0,12.7,0.34,0,12.7,False,0.887,0.0,1.2,1.0,0.84,0.952,0.19,87.8,True,
geom,G-a320-f55-n20-t2.5,320,55,20,2.5,0,2273,2273,90,20/20,53.5,0.156,0.0,24.7,0.34,0,24.7,False,0.887,0.0,1.2,1.0,0.75,0.925,0.19,87.1,True,
geom,G-a320-f55-n20-t3.0,320,55,20,3.0,0,2372,2372,90,20/20,53.5,0.156,0.0,24.2,0.34,0,24.2,False,0.887,0.0,1.2,1.0,0.81,0.943,0.19,87.5,True,
geom,G-a320-f55-n20-t3.5,320,55,20,3.5,0,2471,2471,90,20/20,53.5,0.156,0.0,21.3,0.34,0,21.3,False,0.887,0.0,1.2,1.0,0.94,0.982,0.19,88.6,True,
geom,G-a320-f55-n20-t4.0,320,55,20,4.0,0,2571,2571,90,20/20,53.5,0.156,0.0,52.3,0.61,0,52.3,False,0.797,0.0,1.2,1.0,1.0,1.0,0.19,89.0,True,
geom,G-a320-f55-n24-t2.5,320,55,24,2.5,0,2853,2853,90,24/24,53.5,0.156,0.0,45.2,0.34,0,45.2,False,0.887,0.0,1.2,1.0,0.81,0.943,0.19,87.5,True,
geom,G-a320-f55-n24-t3.0,320,55,24,3.0,0,2998,2998,90,24/24,53.5,0.156,0.0,66.8,0.43,0,66.8,False,0.857,0.0,1.2,1.0,0.97,0.991,0.19,88.8,True,
geom,G-a320-f55-n24-t3.5,320,55,24,3.5,0,3142,3142,90,24/24,53.5,0.156,0.0,154.4,1.74,1,154.4,False,0.42,0.0,1.2,1.0,1.0,1.0,0.19,89.0,True,
geom,G-a320-f55-n24-t4.0,320,55,24,4.0,0,3287,3287,90,24/24,53.5,0.156,0.0,627.7,4.36,3,627.7,True,0.0,0.0,1.2,1.0,1.0,1.0,0.19,89.0,False,emergent_wall: measured fill 4.36 ft > 3.0 ft
geom,G-a320-f55-n28-t2.5,320,55,28,2.5,0,3476,3476,90,28/28,53.5,0.156,0.0,104.8,0.69,0,104.8,False,0.77,0.0,1.2,1.0,0.94,0.982,0.19,88.6,True,
geom,G-a320-f55-n28-t3.0,320,55,28,3.0,0,3674,3674,90,28/28,53.5,0.156,0.0,271.7,2.44,2,271.7,False,0.187,0.0,1.2,1.0,1.0,1.0,0.19,89.0,True,
geom,G-a320-f55-n28-t3.5,320,55,28,3.5,0,3872,3872,90,28/28,53.5,0.156,0.0,850.8,5.32,5,850.8,True,0.0,0.0,1.2,1.0,1.0,1.0,0.19,89.0,False,emergent_wall: measured fill 5.32 ft > 3.0 ft
geom,G-a320-f55-n28-t4.0,320,55,28,4.0,0,4070,4070,90,28/28,53.5,0.156,0.0,2127.7,8.78,7,2127.7,True,0.0,0.0,1.2,1.0,1.0,1.0,0.19,89.0,False,emergent_wall: measured fill 8.78 ft > 3.0 ft
geom,G-a320-f60-n12-t2.5,320,60,12,2.5,0,1351,1351,92,12/12,53.5,0.156,0.0,21.6,0.3,0,21.6,False,0.9,0.0,1.2,1.0,0.75,0.925,0.19,84.8,True,
geom,G-a320-f60-n12-t3.0,320,60,12,3.0,0,1389,1389,91,12/12,53.5,0.156,0.0,16.6,0.26,0,16.6,False,0.913,0.0,1.2,1.0,0.75,0.925,0.19,85.0,True,
geom,G-a320-f60-n12-t3.5,320,60,12,3.5,0,1428,1428,90,12/12,53.5,0.156,0.0,10.2,0.26,0,10.2,False,0.913,0.0,1.2,1.0,0.75,0.925,0.19,85.1,True,
geom,G-a320-f60-n12-t4.0,320,60,12,4.0,0,1464,1464,91,12/12,53.5,0.156,0.0,12.4,0.26,0,12.4,False,0.913,0.0,1.2,1.0,0.75,0.925,0.19,85.3,True,
geom,G-a320-f60-n16-t2.5,320,60,16,2.5,0,1893,1893,91,16/16,53.5,0.156,0.0,28.8,0.3,0,28.8,False,0.9,0.0,1.2,1.0,0.75,0.925,0.19,86.5,True,
geom,G-a320-f60-n16-t3.0,320,60,16,3.0,0,1961,1961,91,16/16,53.5,0.156,0.0,19.6,0.26,0,19.6,False,0.913,0.0,1.2,1.0,0.75,0.925,0.19,86.5,True,
geom,G-a320-f60-n16-t3.5,320,60,16,3.5,0,2032,2032,90,16/16,53.5,0.156,0.0,12.4,0.26,0,12.4,False,0.913,0.0,1.2,1.0,0.78,0.934,0.19,86.7,True,
geom,G-a320-f60-n16-t4.0,320,60,16,4.0,0,2099,2099,91,16/16,53.5,0.156,0.0,15.4,0.26,0,15.4,False,0.913,0.0,1.2,1.0,0.88,0.964,0.19,87.5,True,
geom,G-a320-f60-n20-t2.5,320,60,20,2.5,0,2480,2480,90,20/20,53.5,0.156,0.0,34.4,0.3,0,34.4,False,0.9,0.0,1.2,1.0,0.75,0.925,0.19,86.5,True,
geom,G-a320-f60-n20-t3.0,320,60,20,3.0,0,2589,2589,90,20/20,53.5,0.156,0.0,33.0,0.26,0,33.0,False,0.913,0.0,1.2,1.0,0.81,0.943,0.19,87.0,True,
geom,G-a320-f60-n20-t3.5,320,60,20,3.5,0,2700,2700,90,20/20,53.5,0.156,0.0,20.3,0.26,0,20.3,False,0.913,0.0,1.2,1.0,0.97,0.991,0.19,88.2,True,
geom,G-a320-f60-n20-t4.0,320,60,20,4.0,0,2807,2807,91,20/20,53.5,0.156,0.0,79.0,0.8,0,79.0,False,0.733,0.0,1.2,1.0,1.0,1.0,0.19,88.5,True,
geom,G-a320-f60-n24-t2.5,320,60,24,2.5,0,3114,3114,90,24/24,53.5,0.156,0.0,58.4,0.3,0,58.4,False,0.9,0.0,1.2,1.0,0.81,0.943,0.19,87.0,True,
geom,G-a320-f60-n24-t3.0,320,60,24,3.0,0,3272,3272,90,24/24,53.5,0.156,0.0,79.1,0.47,0,79.1,False,0.843,0.0,1.2,1.0,1.0,1.0,0.19,88.5,True,
geom,G-a320-f60-n24-t3.5,320,60,24,3.5,0,3432,3432,90,24/24,53.5,0.156,0.0,190.5,1.96,1,190.5,False,0.347,0.0,1.2,1.0,1.0,1.0,0.19,88.5,True,
geom,G-a320-f60-n24-t4.0,320,60,24,4.0,0,3588,3588,91,24/24,53.5,0.156,0.0,748.5,4.59,4,748.5,True,0.0,0.0,1.2,1.0,1.0,1.0,0.19,88.5,False,emergent_wall: measured fill 4.59 ft > 3.0 ft
geom,G-a320-f60-n28-t2.5,320,60,28,2.5,0,3793,3793,90,28/28,53.5,0.156,0.0,129.9,0.83,0,129.9,False,0.723,0.0,1.2,1.0,0.97,0.991,0.19,88.2,True,
geom,G-a320-f60-n28-t3.0,320,60,28,3.0,0,4010,4010,90,28/28,53.5,0.156,0.0,333.9,2.75,2,333.9,False,0.083,0.0,1.2,1.0,1.0,1.0,0.19,88.5,True,
geom,G-a320-f60-n28-t3.5,320,60,28,3.5,0,4228,4228,90,28/28,53.5,0.156,0.0,993.7,5.72,5,993.7,True,0.0,0.0,1.2,1.0,1.0,1.0,0.19,88.5,False,emergent_wall: measured fill 5.72 ft > 3.0 ft
geom,G-a320-f60-n28-t4.0,320,60,28,4.0,0,4442,4442,91,28/28,53.5,0.156,0.0,2413.3,8.94,8,2413.3,True,0.0,0.0,1.2,1.0,1.0,1.0,0.19,88.5,False,emergent_wall: measured fill 8.94 ft > 3.0 ft
geom,G-a320-f65-n12-t2.5,320,65,12,2.5,0,1464,1464,92,12/12,53.5,0.156,0.0,20.1,0.37,0,20.1,False,0.877,0.0,1.2,1.0,0.75,0.925,0.25,85.4,True,
geom,G-a320-f65-n12-t3.0,320,65,12,3.0,0,1505,1505,90,12/12,53.5,0.156,0.0,12.0,0.33,0,12.0,False,0.89,0.0,1.2,1.0,0.75,0.925,0.25,85.5,True,
geom,G-a320-f65-n12-t3.5,320,65,12,3.5,0,1546,1546,90,12/12,53.5,0.156,0.0,16.1,0.33,0,16.1,False,0.89,0.0,1.2,1.0,0.75,0.925,0.25,85.7,True,
geom,G-a320-f65-n12-t4.0,320,65,12,4.0,0,1590,1590,91,12/12,53.5,0.156,0.0,14.9,0.33,0,14.9,False,0.89,0.0,1.2,1.0,0.75,0.925,0.25,85.9,True,
geom,G-a320-f65-n16-t2.5,320,65,16,2.5,0,2050,2050,91,16/16,53.5,0.156,0.0,28.1,0.37,0,28.1,False,0.877,0.0,1.2,1.0,0.75,0.925,0.25,86.6,True,
geom,G-a320-f65-n16-t3.0,320,65,16,3.0,0,2126,2126,90,16/16,53.5,0.156,0.0,17.4,0.33,0,17.4,False,0.89,0.0,1.2,1.0,0.75,0.925,0.25,86.6,True,
geom,G-a320-f65-n16-t3.5,320,65,16,3.5,0,2200,2200,90,16/16,53.5,0.156,0.0,24.9,0.33,0,24.9,False,0.89,0.0,1.2,1.0,0.75,0.925,0.25,86.6,True,
geom,G-a320-f65-n16-t4.0,320,65,16,4.0,0,2276,2276,91,16/16,53.5,0.156,0.0,27.2,0.33,0,27.2,False,0.89,0.0,1.2,1.0,0.91,0.973,0.25,87.9,True,
geom,G-a320-f65-n20-t2.5,320,65,20,2.5,0,2688,2688,91,20/20,53.5,0.156,0.0,38.4,0.37,0,38.4,False,0.877,0.0,1.2,1.0,0.75,0.925,0.25,86.6,True,
geom,G-a320-f65-n20-t3.0,320,65,20,3.0,0,2806,2806,90,20/20,53.5,0.156,0.0,36.5,0.33,0,36.5,False,0.89,0.0,1.2,1.0,0.84,0.952,0.25,87.3,True,
geom,G-a320-f65-n20-t3.5,320,65,20,3.5,0,2923,2923,90,20/20,53.5,0.156,0.0,50.9,0.33,0,50.9,False,0.89,0.0,1.2,1.0,1.0,1.0,0.25,88.6,True,
geom,G-a320-f65-n20-t4.0,320,65,20,4.0,0,3042,3042,90,20/20,53.5,0.156,0.0,101.5,0.82,0,101.5,False,0.727,0.0,1.2,1.0,1.0,1.0,0.25,88.6,True,
geom,G-a320-f65-n24-t2.5,320,65,24,2.5,0,3374,3374,90,24/24,53.5,0.156,0.0,56.1,0.37,0,56.1,False,0.877,0.0,1.2,1.0,0.84,0.952,0.25,87.3,True,
geom,G-a320-f65-n24-t3.0,320,65,24,3.0,0,3546,3546,90,24/24,53.5,0.156,0.0,120.3,0.76,0,120.3,False,0.747,0.0,1.2,1.0,1.0,1.0,0.25,88.6,True,
geom,G-a320-f65-n24-t3.5,320,65,24,3.5,0,3716,3716,90,24/24,53.5,0.156,0.0,266.0,2.12,1,266.0,False,0.293,0.0,1.2,1.0,1.0,1.0,0.25,88.6,True,
geom,G-a320-f65-n24-t4.0,320,65,24,4.0,0,3888,3888,90,24/24,53.5,0.156,0.0,860.9,4.72,4,860.9,True,0.0,0.0,1.2,1.0,1.0,1.0,0.25,88.6,False,emergent_wall: measured fill 4.72 ft > 3.0 ft
geom,G-a320-f65-n28-t2.5,320,65,28,2.5,0,4110,4110,90,28/28,53.5,0.156,0.0,124.1,0.9,0,124.1,False,0.7,0.0,1.2,1.0,1.0,1.0,0.25,88.6,True,
geom,G-a320-f65-n28-t3.0,320,65,28,3.0,0,4345,4345,90,28/28,53.5,0.156,0.0,423.4,2.95,2,423.4,False,0.017,0.0,1.2,1.0,1.0,1.0,0.25,88.6,True,
geom,G-a320-f65-n28-t3.5,320,65,28,3.5,0,4578,4578,90,28/28,53.5,0.156,0.0,1178.6,5.67,5,1178.6,True,0.0,0.0,1.2,1.0,1.0,1.0,0.25,88.6,False,emergent_wall: measured fill 5.67 ft > 3.0 ft
geom,G-a320-f65-n28-t4.0,320,65,28,4.0,0,4814,4814,90,28/28,53.5,0.156,0.0,2719.7,9.16,8,2719.7,True,0.0,0.0,1.2,1.0,1.0,1.0,0.25,88.6,False,emergent_wall: measured fill 9.16 ft > 3.0 ft
geom,G-a315-f45-n12-t2.5,315,45,12,2.5,0,1012,1012,90,12/12,53.5,0.156,0.0,24.5,0.44,0,24.5,False,0.853,0.0,1.2,1.0,0.75,0.825,0.12,79.6,True,
geom,G-a315-f45-n12-t3.0,315,45,12,3.0,0,1040,1040,91,12/12,53.5,0.156,0.0,12.2,0.34,0,12.2,False,0.887,0.0,1.2,1.0,0.75,0.825,0.12,79.7,True,
geom,G-a315-f45-n12-t3.5,315,45,12,3.5,0,1072,1072,90,12/12,53.5,0.156,0.0,14.7,0.34,0,14.7,False,0.887,0.0,1.2,1.0,0.75,0.825,0.12,79.8,True,
geom,G-a315-f45-n12-t4.0,315,45,12,4.0,0,1096,1096,91,12/12,53.5,0.156,0.0,10.3,0.34,0,10.3,False,0.887,0.0,1.2,1.0,0.75,0.825,0.12,79.9,True,
geom,G-a315-f45-n16-t2.5,315,45,16,2.5,0,1418,1418,90,16/16,53.5,0.156,0.0,27.6,0.44,0,27.6,False,0.853,0.0,1.2,1.0,0.75,0.825,0.12,81.0,True,
geom,G-a315-f45-n16-t3.0,315,45,16,3.0,0,1469,1469,91,16/16,53.5,0.156,0.0,13.1,0.34,0,13.1,False,0.887,0.0,1.2,1.0,0.75,0.825,0.12,81.2,True,
geom,G-a315-f45-n16-t3.5,315,45,16,3.5,0,1526,1526,90,16/16,53.5,0.156,0.0,17.0,0.34,0,17.0,False,0.887,0.0,1.2,1.0,0.78,0.834,0.12,81.7,True,
geom,G-a315-f45-n16-t4.0,315,45,16,4.0,0,1572,1572,91,16/16,53.5,0.156,0.0,13.7,0.34,0,13.7,False,0.887,0.0,1.2,1.0,0.84,0.852,0.12,82.3,True,
geom,G-a315-f45-n20-t2.5,315,45,20,2.5,0,1858,1858,90,20/20,53.5,0.156,0.0,33.5,0.44,0,33.5,False,0.853,0.0,1.2,1.0,0.75,0.825,0.12,82.4,True,
geom,G-a315-f45-n20-t3.0,315,45,20,3.0,0,1939,1939,91,20/20,53.5,0.156,0.0,19.4,0.34,0,19.4,False,0.887,0.0,1.2,1.0,0.81,0.843,0.12,82.9,True,
geom,G-a315-f45-n20-t3.5,315,45,20,3.5,0,2028,2028,90,20/20,53.5,0.156,0.0,24.9,0.34,0,24.9,False,0.887,0.0,1.2,1.0,0.94,0.882,0.12,83.9,True,
geom,G-a315-f45-n20-t4.0,315,45,20,4.0,0,2102,2102,91,20/20,53.5,0.156,0.0,54.1,0.59,0,54.1,False,0.803,0.0,1.2,1.0,1.0,0.9,0.12,84.4,True,
geom,G-a315-f45-n24-t2.5,315,45,24,2.5,0,2333,2333,90,24/24,53.5,0.156,0.0,50.3,0.44,0,50.3,False,0.853,0.0,1.2,1.0,0.81,0.843,0.12,82.9,True,
geom,G-a315-f45-n24-t3.0,315,45,24,3.0,0,2451,2451,90,24/24,53.5,0.156,0.0,40.6,0.34,0,40.6,False,0.887,0.0,1.2,1.0,0.97,0.891,0.12,84.2,True,
geom,G-a315-f45-n24-t3.5,315,45,24,3.5,0,2578,2578,90,24/24,53.5,0.156,0.0,100.4,1.25,0,100.4,False,0.583,0.0,1.2,1.0,1.0,0.9,0.12,84.4,True,
geom,G-a315-f45-n24-t4.0,315,45,24,4.0,0,2687,2687,90,24/24,53.5,0.156,0.0,455.3,3.95,3,455.3,True,0.0,0.0,1.2,1.0,1.0,0.9,0.12,84.4,False,emergent_wall: measured fill 3.95 ft > 3.0 ft
geom,G-a315-f45-n28-t2.5,315,45,28,2.5,0,2841,2841,90,28/28,53.5,0.156,0.0,90.7,0.59,0,90.7,False,0.803,0.0,1.2,1.0,0.94,0.882,0.12,83.9,True,
geom,G-a315-f45-n28-t3.0,315,45,28,3.0,0,3003,3003,90,28/28,53.5,0.156,0.0,156.4,1.7,1,156.4,False,0.433,0.0,1.2,1.0,1.0,0.9,0.12,84.4,True,
geom,G-a315-f45-n28-t3.5,315,45,28,3.5,0,3176,3176,90,28/28,53.5,0.156,0.0,575.4,4.69,4,575.4,True,0.0,0.0,1.2,1.0,1.0,0.9,0.12,84.4,False,emergent_wall: measured fill 4.69 ft > 3.0 ft
geom,G-a315-f45-n28-t4.0,315,45,28,4.0,0,3327,3327,90,28/28,53.5,0.156,0.0,1571.1,7.91,7,1571.1,True,0.0,0.0,1.2,1.0,1.0,0.9,0.12,84.4,False,emergent_wall: measured fill 7.91 ft > 3.0 ft
geom,G-a315-f50-n12-t2.5,315,50,12,2.5,0,1125,1125,91,12/12,53.5,0.156,0.0,21.4,0.34,0,21.4,False,0.887,0.0,1.2,1.0,0.75,0.825,0.12,80.0,True,
geom,G-a315-f50-n12-t3.0,315,50,12,3.0,0,1155,1155,91,12/12,53.5,0.156,0.0,12.5,0.31,0,12.5,False,0.897,0.0,1.2,1.0,0.75,0.825,0.12,80.1,True,
geom,G-a315-f50-n12-t3.5,315,50,12,3.5,0,1188,1188,90,12/12,53.5,0.156,0.0,12.6,0.31,0,12.6,False,0.897,0.0,1.2,1.0,0.75,0.825,0.12,80.2,True,
geom,G-a315-f50-n12-t4.0,315,50,12,4.0,0,1219,1219,91,12/12,53.5,0.156,0.0,13.4,0.31,0,13.4,False,0.897,0.0,1.2,1.0,0.75,0.825,0.12,80.3,True,
geom,G-a315-f50-n16-t2.5,315,50,16,2.5,0,1576,1576,91,16/16,53.5,0.156,0.0,23.8,0.34,0,23.8,False,0.887,0.0,1.2,1.0,0.75,0.825,0.12,81.6,True,
geom,G-a315-f50-n16-t3.0,315,50,16,3.0,0,1633,1633,90,16/16,53.5,0.156,0.0,13.5,0.31,0,13.5,False,0.897,0.0,1.2,1.0,0.75,0.825,0.12,81.8,True,
geom,G-a315-f50-n16-t3.5,315,50,16,3.5,0,1691,1691,90,16/16,53.5,0.156,0.0,13.5,0.31,0,13.5,False,0.897,0.0,1.2,1.0,0.78,0.834,0.12,82.3,True,
geom,G-a315-f50-n16-t4.0,315,50,16,4.0,0,1747,1747,90,16/16,53.5,0.156,0.0,14.1,0.31,0,14.1,False,0.897,0.0,1.2,1.0,0.88,0.864,0.12,83.3,True,
geom,G-a315-f50-n20-t2.5,315,50,20,2.5,0,2066,2066,91,20/20,53.5,0.156,0.0,34.2,0.4,0,34.2,False,0.867,0.0,1.2,1.0,0.75,0.825,0.12,82.4,True,
geom,G-a315-f50-n20-t3.0,315,50,20,3.0,0,2155,2155,90,20/20,53.5,0.156,0.0,26.5,0.31,0,26.5,False,0.897,0.0,1.2,1.0,0.81,0.843,0.12,82.9,True,
geom,G-a315-f50-n20-t3.5,315,50,20,3.5,0,2247,2247,90,20/20,53.5,0.156,0.0,23.0,0.31,0,23.0,False,0.897,0.0,1.2,1.0,0.97,0.891,0.12,84.2,True,
geom,G-a315-f50-n20-t4.0,315,50,20,4.0,0,2336,2336,90,20/20,53.5,0.156,0.0,53.4,0.5,0,53.4,False,0.833,0.0,1.2,1.0,1.0,0.9,0.12,84.4,True,
geom,G-a315-f50-n24-t2.5,315,50,24,2.5,0,2593,2593,90,24/24,53.5,0.156,0.0,54.0,0.4,0,54.0,False,0.867,0.0,1.2,1.0,0.81,0.843,0.12,82.9,True,
geom,G-a315-f50-n24-t3.0,315,50,24,3.0,0,2724,2724,90,24/24,53.5,0.156,0.0,51.3,0.31,0,51.3,False,0.897,0.0,1.2,1.0,1.0,0.9,0.12,84.4,True,
geom,G-a315-f50-n24-t3.5,315,50,24,3.5,0,2856,2856,90,24/24,53.5,0.156,0.0,102.5,1.3,0,102.5,False,0.567,0.0,1.2,1.0,1.0,0.9,0.12,84.4,True,
geom,G-a315-f50-n24-t4.0,315,50,24,4.0,0,2987,2987,90,24/24,53.5,0.156,0.0,522.1,4.09,3,522.1,True,0.0,0.0,1.2,1.0,1.0,0.9,0.12,84.4,False,emergent_wall: measured fill 4.09 ft > 3.0 ft
geom,G-a315-f50-n28-t2.5,315,50,28,2.5,0,3159,3159,90,28/28,53.5,0.156,0.0,113.2,0.69,0,113.2,False,0.77,0.0,1.2,1.0,0.97,0.891,0.12,84.2,True,
geom,G-a315-f50-n28-t3.0,315,50,28,3.0,0,3338,3338,90,28/28,53.5,0.156,0.0,180.8,1.87,1,180.8,False,0.377,0.0,1.2,1.0,1.0,0.9,0.12,84.4,True,
geom,G-a315-f50-n28-t3.5,315,50,28,3.5,0,3519,3519,90,28/28,53.5,0.156,0.0,653.2,4.83,4,653.2,True,0.0,0.0,1.2,1.0,1.0,0.9,0.12,84.4,False,emergent_wall: measured fill 4.83 ft > 3.0 ft
geom,G-a315-f50-n28-t4.0,315,50,28,4.0,0,3699,3699,90,28/28,53.5,0.156,0.0,1802.5,8.22,7,1802.5,True,0.0,0.0,1.2,1.0,1.0,0.9,0.12,84.4,False,emergent_wall: measured fill 8.22 ft > 3.0 ft
geom,G-a315-f55-n12-t2.5,315,55,12,2.5,0,1238,1238,91,12/12,53.5,0.156,0.0,30.2,0.47,0,30.2,False,0.843,0.0,1.2,1.0,0.75,0.825,0.06,79.8,True,
geom,G-a315-f55-n12-t3.0,315,55,12,3.0,0,1272,1272,91,12/12,53.5,0.156,0.0,18.1,0.43,0,18.1,False,0.857,0.0,1.2,1.0,0.75,0.825,0.06,79.9,True,
geom,G-a315-f55-n12-t3.5,315,55,12,3.5,0,1306,1306,90,12/12,53.5,0.156,0.0,16.4,0.43,0,16.4,False,0.857,0.0,1.2,1.0,0.75,0.825,0.06,80.0,True,
geom,G-a315-f55-n12-t4.0,315,55,12,4.0,0,1342,1342,91,12/12,53.5,0.156,0.0,16.7,0.43,0,16.7,False,0.857,0.0,1.2,1.0,0.75,0.825,0.06,80.2,True,
geom,G-a315-f55-n16-t2.5,315,55,16,2.5,0,1734,1734,90,16/16,53.5,0.156,0.0,36.1,0.47,0,36.1,False,0.843,0.0,1.2,1.0,0.75,0.825,0.06,81.6,True,
geom,G-a315-f55-n16-t3.0,315,55,16,3.0,0,1797,1797,91,16/16,53.5,0.156,0.0,18.7,0.43,0,18.7,False,0.857,0.0,1.2,1.0,0.75,0.825,0.06,81.8,True,
geom,G-a315-f55-n16-t3.5,315,55,16,3.5,0,1859,1859,90,16/16,53.5,0.156,0.0,17.4,0.43,0,17.4,False,0.857,0.0,1.2,1.0,0.78,0.834,0.06,82.1,True,
geom,G-a315-f55-n16-t4.0,315,55,16,4.0,0,1923,1923,91,16/16,53.5,0.156,0.0,23.9,0.43,0,23.9,False,0.857,0.0,1.2,1.0,0.91,0.873,0.06,83.1,True,
geom,G-a315-f55-n20-t2.5,315,55,20,2.5,0,2273,2273,90,20/20,53.5,0.156,0.0,45.4,0.47,0,45.4,False,0.843,0.0,1.2,1.0,0.75,0.825,0.06,81.8,True,
geom,G-a315-f55-n20-t3.0,315,55,20,3.0,0,2372,2372,91,20/20,53.5,0.156,0.0,34.5,0.43,0,34.5,False,0.857,0.0,1.2,1.0,0.84,0.852,0.06,82.6,True,
geom,G-a315-f55-n20-t3.5,315,55,20,3.5,0,2471,2471,90,20/20,53.5,0.156,0.0,22.6,0.43,0,22.6,False,0.857,0.0,1.2,1.0,1.0,0.9,0.06,83.8,True,
geom,G-a315-f55-n20-t4.0,315,55,20,4.0,0,2571,2571,91,20/20,53.5,0.156,0.0,65.6,0.67,0,65.6,False,0.777,0.0,1.2,1.0,1.0,0.9,0.06,83.8,True,
geom,G-a315-f55-n24-t2.5,315,55,24,2.5,0,2853,2853,90,24/24,53.5,0.156,0.0,64.9,0.47,0,64.9,False,0.843,0.0,1.2,1.0,0.84,0.852,0.06,82.6,True,
geom,G-a315-f55-n24-t3.0,315,55,24,3.0,0,2998,2998,91,24/24,53.5,0.156,0.0,68.9,0.43,0,68.9,False,0.857,0.0,1.2,1.0,1.0,0.9,0.06,83.8,True,
geom,G-a315-f55-n24-t3.5,315,55,24,3.5,0,3142,3142,90,24/24,53.5,0.156,0.0,150.0,1.61,1,150.0,False,0.463,0.0,1.2,1.0,1.0,0.9,0.06,83.8,True,
geom,G-a315-f55-n24-t4.0,315,55,24,4.0,0,3287,3287,91,24/24,53.5,0.156,0.0,624.5,4.22,3,624.5,True,0.0,0.0,1.2,1.0,1.0,0.9,0.06,83.8,False,emergent_wall: measured fill 4.22 ft > 3.0 ft
geom,G-a315-f55-n28-t2.5,315,55,28,2.5,0,3476,3476,90,28/28,53.5,0.156,0.0,114.5,0.54,0,114.5,False,0.82,0.0,1.2,1.0,1.0,0.9,0.06,83.8,True,
geom,G-a315-f55-n28-t3.0,315,55,28,3.0,0,3674,3674,90,28/28,53.5,0.156,0.0,254.1,2.25,2,254.1,False,0.25,0.0,1.2,1.0,1.0,0.9,0.06,83.8,True,
geom,G-a315-f55-n28-t3.5,315,55,28,3.5,0,3872,3872,90,28/28,53.5,0.156,0.0,842.4,5.45,5,842.4,True,0.0,0.0,1.2,1.0,1.0,0.9,0.06,83.8,False,emergent_wall: measured fill 5.45 ft > 3.0 ft
geom,G-a315-f55-n28-t4.0,315,55,28,4.0,0,4070,4070,91,28/28,53.5,0.156,0.0,2086.7,8.73,7,2086.7,True,0.0,0.0,1.2,1.0,1.0,0.9,0.06,83.8,False,emergent_wall: measured fill 8.73 ft > 3.0 ft
geom,G-a315-f60-n12-t2.5,315,60,12,2.5,0,1351,1351,91,12/12,53.5,0.156,0.0,27.5,0.39,0,27.5,False,0.87,0.0,1.2,1.0,0.75,0.825,0.12,80.2,True,
geom,G-a315-f60-n12-t3.0,315,60,12,3.0,0,1389,1389,91,12/12,53.5,0.156,0.0,14.3,0.36,0,14.3,False,0.88,0.0,1.2,1.0,0.75,0.825,0.12,80.3,True,
geom,G-a315-f60-n12-t3.5,315,60,12,3.5,0,1428,1428,90,12/12,53.5,0.156,0.0,16.4,0.36,0,16.4,False,0.88,0.0,1.2,1.0,0.75,0.825,0.12,80.5,True,
geom,G-a315-f60-n12-t4.0,315,60,12,4.0,0,1464,1464,91,12/12,53.5,0.156,0.0,12.0,0.36,0,12.0,False,0.88,0.0,1.2,1.0,0.75,0.825,0.12,80.6,True,
geom,G-a315-f60-n16-t2.5,315,60,16,2.5,0,1893,1893,91,16/16,53.5,0.156,0.0,34.4,0.39,0,34.4,False,0.87,0.0,1.2,1.0,0.75,0.825,0.12,81.8,True,
geom,G-a315-f60-n16-t3.0,315,60,16,3.0,0,1961,1961,91,16/16,53.5,0.156,0.0,15.5,0.36,0,15.5,False,0.88,0.0,1.2,1.0,0.75,0.825,0.12,81.8,True,
geom,G-a315-f60-n16-t3.5,315,60,16,3.5,0,2032,2032,90,16/16,53.5,0.156,0.0,17.1,0.36,0,17.1,False,0.88,0.0,1.2,1.0,0.78,0.834,0.12,82.1,True,
geom,G-a315-f60-n16-t4.0,315,60,16,4.0,0,2099,2099,91,16/16,53.5,0.156,0.0,14.2,0.36,0,14.2,False,0.88,0.0,1.2,1.0,0.91,0.873,0.12,83.1,True,
geom,G-a315-f60-n20-t2.5,315,60,20,2.5,0,2480,2480,90,20/20,53.5,0.156,0.0,41.1,0.39,0,41.1,False,0.87,0.0,1.2,1.0,0.75,0.825,0.12,81.8,True,
geom,G-a315-f60-n20-t3.0,315,60,20,3.0,0,2589,2589,90,20/20,53.5,0.156,0.0,31.5,0.36,0,31.5,False,0.88,0.0,1.2,1.0,0.84,0.852,0.12,82.6,True,
geom,G-a315-f60-n20-t3.5,315,60,20,3.5,0,2700,2700,90,20/20,53.5,0.156,0.0,33.3,0.36,0,33.3,False,0.88,0.0,1.2,1.0,1.0,0.9,0.12,83.8,True,
geom,G-a315-f60-n20-t4.0,315,60,20,4.0,0,2807,2807,91,20/20,53.5,0.156,0.0,67.7,0.81,0,67.7,False,0.73,0.0,1.2,1.0,1.0,0.9,0.12,83.8,True,
geom,G-a315-f60-n24-t2.5,315,60,24,2.5,0,3114,3114,90,24/24,53.5,0.156,0.0,74.5,0.43,0,74.5,False,0.857,0.0,1.2,1.0,0.88,0.864,0.12,82.9,True,
geom,G-a315-f60-n24-t3.0,315,60,24,3.0,0,3272,3272,90,24/24,53.5,0.156,0.0,49.3,0.36,0,49.3,False,0.88,0.0,1.2,1.0,1.0,0.9,0.12,83.8,True,
geom,G-a315-f60-n24-t3.5,315,60,24,3.5,0,3432,3432,90,24/24,53.5,0.156,0.0,177.2,1.86,1,177.2,False,0.38,0.0,1.2,1.0,1.0,0.9,0.12,83.8,True,
geom,G-a315-f60-n24-t4.0,315,60,24,4.0,0,3588,3588,91,24/24,53.5,0.156,0.0,736.9,4.58,4,736.9,True,0.0,0.0,1.2,1.0,1.0,0.9,0.12,83.8,False,emergent_wall: measured fill 4.58 ft > 3.0 ft
geom,G-a315-f60-n28-t2.5,315,60,28,2.5,0,3793,3793,90,28/28,53.5,0.156,0.0,138.7,0.63,0,138.7,False,0.79,0.0,1.2,1.0,1.0,0.9,0.12,83.8,True,
geom,G-a315-f60-n28-t3.0,315,60,28,3.0,0,4010,4010,90,28/28,53.5,0.156,0.0,246.2,2.3,2,246.2,False,0.233,0.0,1.2,1.0,1.0,0.9,0.12,83.8,True,
geom,G-a315-f60-n28-t3.5,315,60,28,3.5,0,4228,4228,90,28/28,53.5,0.156,0.0,933.7,5.39,5,933.7,True,0.0,0.0,1.2,1.0,1.0,0.9,0.12,83.8,False,emergent_wall: measured fill 5.39 ft > 3.0 ft
geom,G-a315-f60-n28-t4.0,315,60,28,4.0,0,4442,4442,91,28/28,53.5,0.156,0.0,2418.5,8.99,8,2418.5,True,0.0,0.0,1.2,1.0,1.0,0.9,0.12,83.8,False,emergent_wall: measured fill 8.99 ft > 3.0 ft
geom,G-a315-f65-n12-t2.5,315,65,12,2.5,0,1464,1464,91,12/12,53.5,0.156,0.0,31.6,0.37,0,31.6,False,0.877,0.0,1.2,1.0,0.75,0.825,0.12,80.2,True,
geom,G-a315-f65-n12-t3.0,315,65,12,3.0,0,1505,1505,91,12/12,53.5,0.156,0.0,19.0,0.36,0,19.0,False,0.88,0.0,1.2,1.0,0.75,0.825,0.12,80.3,True,
geom,G-a315-f65-n12-t3.5,315,65,12,3.5,0,1546,1546,90,12/12,53.5,0.156,0.0,20.3,0.36,0,20.3,False,0.88,0.0,1.2,1.0,0.75,0.825,0.12,80.5,True,
geom,G-a315-f65-n12-t4.0,315,65,12,4.0,0,1590,1590,91,12/12,53.5,0.156,0.0,15.3,0.36,0,15.3,False,0.88,0.0,1.2,1.0,0.75,0.825,0.12,80.6,True,
geom,G-a315-f65-n16-t2.5,315,65,16,2.5,0,2050,2050,91,16/16,53.5,0.156,0.0,36.7,0.37,0,36.7,False,0.877,0.0,1.2,1.0,0.75,0.825,0.12,81.4,True,
geom,G-a315-f65-n16-t3.0,315,65,16,3.0,0,2126,2126,91,16/16,53.5,0.156,0.0,21.5,0.36,0,21.5,False,0.88,0.0,1.2,1.0,0.75,0.825,0.12,81.4,True,
geom,G-a315-f65-n16-t3.5,315,65,16,3.5,0,2200,2200,90,16/16,53.5,0.156,0.0,20.3,0.36,0,20.3,False,0.88,0.0,1.2,1.0,0.75,0.825,0.12,81.4,True,
geom,G-a315-f65-n16-t4.0,315,65,16,4.0,0,2276,2276,91,16/16,53.5,0.156,0.0,15.8,0.36,0,15.8,False,0.88,0.0,1.2,1.0,0.94,0.882,0.12,82.9,True,
geom,G-a315-f65-n20-t2.5,315,65,20,2.5,0,2688,2688,91,20/20,53.5,0.156,0.0,48.0,0.37,0,48.0,False,0.877,0.0,1.2,1.0,0.75,0.825,0.12,81.4,True,
geom,G-a315-f65-n20-t3.0,315,65,20,3.0,0,2806,2806,91,20/20,53.5,0.156,0.0,27.6,0.36,0,27.6,False,0.88,0.0,1.2,1.0,0.88,0.864,0.12,82.4,True,
geom,G-a315-f65-n20-t3.5,315,65,20,3.5,0,2923,2923,90,20/20,53.5,0.156,0.0,33.0,0.36,0,33.0,False,0.88,0.0,1.2,1.0,1.0,0.9,0.12,83.4,True,
geom,G-a315-f65-n20-t4.0,315,65,20,4.0,0,3042,3042,91,20/20,53.5,0.156,0.0,98.1,1.02,0,98.1,False,0.66,0.0,1.2,1.0,1.0,0.9,0.12,83.4,True,
geom,G-a315-f65-n24-t2.5,315,65,24,2.5,0,3374,3374,90,24/24,53.5,0.156,0.0,70.4,0.37,0,70.4,False,0.877,0.0,1.2,1.0,0.88,0.864,0.12,82.4,True,
geom,G-a315-f65-n24-t3.0,315,65,24,3.0,0,3546,3546,90,24/24,53.5,0.156,0.0,70.1,0.38,0,70.1,False,0.873,0.0,1.2,1.0,1.0,0.9,0.12,83.4,True,
geom,G-a315-f65-n24-t3.5,315,65,24,3.5,0,3716,3716,90,24/24,53.5,0.156,0.0,216.8,1.89,1,216.8,False,0.37,0.0,1.2,1.0,1.0,0.9,0.12,83.4,True,
geom,G-a315-f65-n24-t4.0,315,65,24,4.0,0,3888,3888,91,24/24,53.5,0.156,0.0,885.3,4.88,4,885.3,True,0.0,0.0,1.2,1.0,1.0,0.9,0.12,83.4,False,emergent_wall: measured fill 4.88 ft > 3.0 ft
geom,G-a315-f65-n28-t2.5,315,65,28,2.5,0,4110,4110,90,28/28,53.5,0.156,0.0,133.3,0.75,0,133.3,False,0.75,0.0,1.2,1.0,1.0,0.9,0.12,83.4,True,
geom,G-a315-f65-n28-t3.0,315,65,28,3.0,0,4345,4345,90,28/28,53.5,0.156,0.0,328.7,2.57,2,328.7,False,0.143,0.0,1.2,1.0,1.0,0.9,0.12,83.4,True,
geom,G-a315-f65-n28-t3.5,315,65,28,3.5,0,4578,4578,90,28/28,53.5,0.156,0.0,1103.0,5.66,5,1103.0,True,0.0,0.0,1.2,1.0,1.0,0.9,0.12,83.4,False,emergent_wall: measured fill 5.66 ft > 3.0 ft
geom,G-a315-f65-n28-t4.0,315,65,28,4.0,0,4814,4814,91,28/28,53.5,0.156,0.0,2751.4,9.23,8,2751.4,True,0.0,0.0,1.2,1.0,1.0,0.9,0.12,83.4,False,emergent_wall: measured fill 9.23 ft > 3.0 ft
geom,G-a305-f45-n12-t2.5,305,45,12,2.5,0,1012,1012,91,12/12,53.5,0.156,0.0,50.6,0.56,0,50.6,False,0.813,0.0,1.2,1.0,0.75,0.725,0.0,74.4,True,
geom,G-a305-f45-n12-t3.0,305,45,12,3.0,0,1040,1040,91,12/12,53.5,0.156,0.0,26.5,0.48,0,26.5,False,0.84,0.0,1.2,1.0,0.75,0.725,0.0,74.5,True,
geom,G-a305-f45-n12-t3.5,305,45,12,3.5,0,1072,1072,90,12/12,53.5,0.156,0.0,20.9,0.43,0,20.9,False,0.857,0.0,1.2,1.0,0.75,0.725,0.0,74.6,True,
geom,G-a305-f45-n12-t4.0,305,45,12,4.0,0,1096,1096,91,12/12,53.5,0.156,0.0,17.9,0.43,0,17.9,False,0.857,0.0,1.2,1.0,0.75,0.725,0.0,74.7,True,
geom,G-a305-f45-n16-t2.5,305,45,16,2.5,0,1418,1418,91,16/16,53.5,0.156,0.0,51.3,0.56,0,51.3,False,0.813,0.0,1.2,1.0,0.75,0.725,0.0,75.9,True,
geom,G-a305-f45-n16-t3.0,305,45,16,3.0,0,1469,1469,91,16/16,53.5,0.156,0.0,27.2,0.48,0,27.2,False,0.84,0.0,1.2,1.0,0.75,0.725,0.0,76.1,True,
geom,G-a305-f45-n16-t3.5,305,45,16,3.5,0,1526,1526,90,16/16,53.5,0.156,0.0,32.1,0.43,0,32.1,False,0.857,0.0,1.2,1.0,0.75,0.725,0.0,76.3,True,
geom,G-a305-f45-n16-t4.0,305,45,16,4.0,0,1572,1572,91,16/16,53.5,0.156,0.0,19.8,0.43,0,19.8,False,0.857,0.0,1.2,1.0,0.94,0.782,0.0,78.0,True,
geom,G-a305-f45-n20-t2.5,305,45,20,2.5,0,1858,1858,91,20/20,53.5,0.156,0.0,59.6,0.56,0,59.6,False,0.813,0.0,1.2,1.0,0.75,0.725,0.0,77.3,True,
geom,G-a305-f45-n20-t3.0,305,45,20,3.0,0,1939,1939,91,20/20,53.5,0.156,0.0,45.1,0.48,0,45.1,False,0.84,0.0,1.2,1.0,0.88,0.764,0.0,78.3,True,
geom,G-a305-f45-n20-t3.5,305,45,20,3.5,0,2028,2028,90,20/20,53.5,0.156,0.0,74.0,0.47,0,74.0,False,0.843,0.0,1.2,1.0,1.0,0.8,0.0,79.3,True,
geom,G-a305-f45-n20-t4.0,305,45,20,4.0,0,2102,2102,90,20/20,53.5,0.156,0.0,41.6,0.43,0,41.6,False,0.857,0.0,1.2,1.0,1.0,0.8,0.0,79.3,True,
geom,G-a305-f45-n24-t2.5,305,45,24,2.5,0,2333,2333,90,24/24,53.5,0.156,0.0,84.1,0.56,0,84.1,False,0.813,0.0,1.2,1.0,0.88,0.764,0.0,78.3,True,
geom,G-a305-f45-n24-t3.0,305,45,24,3.0,0,2451,2451,91,24/24,53.5,0.156,0.0,77.4,0.48,0,77.4,False,0.84,0.0,1.2,1.0,1.0,0.8,0.0,79.3,True,
geom,G-a305-f45-n24-t3.5,305,45,24,3.5,0,2578,2578,90,24/24,53.5,0.156,0.0,170.5,1.36,0,170.5,False,0.547,0.0,1.2,1.0,1.0,0.8,0.0,79.3,True,
geom,G-a305-f45-n24-t4.0,305,45,24,4.0,0,2687,2687,90,24/24,53.5,0.156,0.0,360.3,3.01,3,360.3,True,0.0,0.0,1.2,1.0,1.0,0.8,0.0,79.3,False,emergent_wall: measured fill 3.01 ft > 3.0 ft
geom,G-a305-f45-n28-t2.5,305,45,28,2.5,0,2841,2841,90,28/28,53.5,0.156,0.0,127.2,0.76,0,127.2,False,0.747,0.0,1.2,1.0,1.0,0.8,0.0,79.3,True,
geom,G-a305-f45-n28-t3.0,305,45,28,3.0,0,3003,3003,90,28/28,53.5,0.156,0.0,190.7,1.61,1,190.7,False,0.463,0.0,1.2,1.0,1.0,0.8,0.0,79.3,True,
geom,G-a305-f45-n28-t3.5,305,45,28,3.5,0,3176,3176,90,28/28,53.5,0.156,0.0,600.0,4.19,4,600.0,True,0.0,0.0,1.2,1.0,1.0,0.8,0.0,79.3,False,emergent_wall: measured fill 4.19 ft > 3.0 ft
geom,G-a305-f45-n28-t4.0,305,45,28,4.0,0,3327,3327,90,28/28,53.5,0.156,0.0,1335.5,7.14,7,1335.5,True,0.0,0.0,1.2,1.0,1.0,0.8,0.0,79.3,False,emergent_wall: measured fill 7.14 ft > 3.0 ft
geom,G-a305-f50-n12-t2.5,305,50,12,2.5,0,1125,1125,91,12/12,53.5,0.156,0.0,57.2,0.77,0,57.2,False,0.743,0.0,1.2,1.0,0.75,0.725,0.0,74.8,True,
geom,G-a305-f50-n12-t3.0,305,50,12,3.0,0,1155,1155,91,12/12,53.5,0.156,0.0,26.9,0.44,0,26.9,False,0.853,0.0,1.2,1.0,0.75,0.725,0.0,75.0,True,
geom,G-a305-f50-n12-t3.5,305,50,12,3.5,0,1188,1188,90,12/12,53.5,0.156,0.0,22.8,0.5,0,22.8,False,0.833,0.0,1.2,1.0,0.75,0.725,0.0,75.1,True,
geom,G-a305-f50-n12-t4.0,305,50,12,4.0,0,1219,1219,90,12/12,53.5,0.156,0.0,20.2,0.43,0,20.2,False,0.857,0.0,1.2,1.0,0.75,0.725,0.0,75.2,True,
geom,G-a305-f50-n16-t2.5,305,50,16,2.5,0,1576,1576,91,16/16,53.5,0.156,0.0,63.8,0.77,0,63.8,False,0.743,0.0,1.2,1.0,0.75,0.725,0.0,76.5,True,
geom,G-a305-f50-n16-t3.0,305,50,16,3.0,0,1633,1633,91,16/16,53.5,0.156,0.0,32.9,0.44,0,32.9,False,0.853,0.0,1.2,1.0,0.75,0.725,0.0,76.7,True,
geom,G-a305-f50-n16-t3.5,305,50,16,3.5,0,1691,1691,90,16/16,53.5,0.156,0.0,23.7,0.5,0,23.7,False,0.833,0.0,1.2,1.0,0.78,0.734,0.0,77.2,True,
geom,G-a305-f50-n16-t4.0,305,50,16,4.0,0,1747,1747,90,16/16,53.5,0.156,0.0,20.9,0.43,0,20.9,False,0.857,0.0,1.2,1.0,0.91,0.773,0.0,78.4,True,
geom,G-a305-f50-n20-t2.5,305,50,20,2.5,0,2066,2066,90,20/20,53.5,0.156,0.0,74.6,0.77,0,74.6,False,0.743,0.0,1.2,1.0,0.75,0.725,0.0,77.3,True,
geom,G-a305-f50-n20-t3.0,305,50,20,3.0,0,2155,2155,91,20/20,53.5,0.156,0.0,35.4,0.44,0,35.4,False,0.853,0.0,1.2,1.0,0.84,0.752,0.0,78.0,True,
geom,G-a305-f50-n20-t3.5,305,50,20,3.5,0,2247,2247,90,20/20,53.5,0.156,0.0,38.1,0.5,0,38.1,False,0.833,0.0,1.2,1.0,1.0,0.8,0.0,79.3,True,
geom,G-a305-f50-n20-t4.0,305,50,20,4.0,0,2336,2336,90,20/20,53.5,0.156,0.0,41.6,0.43,0,41.6,False,0.857,0.0,1.2,1.0,1.0,0.8,0.0,79.3,True,
geom,G-a305-f50-n24-t2.5,305,50,24,2.5,0,2593,2593,90,24/24,53.5,0.156,0.0,77.5,0.77,0,77.5,False,0.743,0.0,1.2,1.0,0.84,0.752,0.0,78.0,True,
geom,G-a305-f50-n24-t3.0,305,50,24,3.0,0,2724,2724,91,24/24,53.5,0.156,0.0,43.1,0.44,0,43.1,False,0.853,0.0,1.2,1.0,1.0,0.8,0.0,79.3,True,
geom,G-a305-f50-n24-t3.5,305,50,24,3.5,0,2856,2856,90,24/24,53.5,0.156,0.0,116.7,1.27,0,116.7,False,0.577,0.0,1.2,1.0,1.0,0.8,0.0,79.3,True,
geom,G-a305-f50-n24-t4.0,305,50,24,4.0,0,2987,2987,90,24/24,53.5,0.156,0.0,381.5,3.26,2,381.5,True,0.0,0.0,1.2,1.0,1.0,0.8,0.0,79.3,False,emergent_wall: measured fill 3.26 ft > 3.0 ft
geom,G-a305-f50-n28-t2.5,305,50,28,2.5,0,3159,3159,90,28/28,53.5,0.156,0.0,116.2,0.77,0,116.2,False,0.743,0.0,1.2,1.0,1.0,0.8,0.0,79.3,True,
geom,G-a305-f50-n28-t3.0,305,50,28,3.0,0,3338,3338,90,28/28,53.5,0.156,0.0,171.0,1.7,1,171.0,False,0.433,0.0,1.2,1.0,1.0,0.8,0.0,79.3,True,
geom,G-a305-f50-n28-t3.5,305,50,28,3.5,0,3519,3519,90,28/28,53.5,0.156,0.0,603.5,4.41,4,603.5,True,0.0,0.0,1.2,1.0,1.0,0.8,0.0,79.3,False,emergent_wall: measured fill 4.41 ft > 3.0 ft
geom,G-a305-f50-n28-t4.0,305,50,28,4.0,0,3699,3699,90,28/28,53.5,0.156,0.0,1486.7,7.27,6,1486.7,True,0.0,0.0,1.2,1.0,1.0,0.8,0.0,79.3,False,emergent_wall: measured fill 7.27 ft > 3.0 ft
geom,G-a305-f55-n12-t2.5,305,55,12,2.5,0,1238,1238,91,12/12,53.5,0.156,0.0,66.6,0.72,0,66.6,False,0.76,0.0,1.2,1.0,0.75,0.725,0.0,75.3,True,
geom,G-a305-f55-n12-t3.0,305,55,12,3.0,0,1272,1272,91,12/12,53.5,0.156,0.0,39.3,0.61,0,39.3,False,0.797,0.0,1.2,1.0,0.75,0.725,0.0,75.4,True,
geom,G-a305-f55-n12-t3.5,305,55,12,3.5,0,1306,1306,90,12/12,53.5,0.156,0.0,31.9,0.57,0,31.9,False,0.81,0.0,1.2,1.0,0.75,0.725,0.0,75.5,True,
geom,G-a305-f55-n12-t4.0,305,55,12,4.0,0,1342,1342,91,12/12,53.5,0.156,0.0,31.2,0.45,0,31.2,False,0.85,0.0,1.2,1.0,0.75,0.725,0.0,75.6,True,
geom,G-a305-f55-n16-t2.5,305,55,16,2.5,0,1734,1734,91,16/16,53.5,0.156,0.0,67.4,0.72,0,67.4,False,0.76,0.0,1.2,1.0,0.75,0.725,0.0,77.1,True,
geom,G-a305-f55-n16-t3.0,305,55,16,3.0,0,1797,1797,91,16/16,53.5,0.156,0.0,43.7,0.61,0,43.7,False,0.797,0.0,1.2,1.0,0.75,0.725,0.0,77.3,True,
geom,G-a305-f55-n16-t3.5,305,55,16,3.5,0,1859,1859,90,16/16,53.5,0.156,0.0,32.5,0.57,0,32.5,False,0.81,0.0,1.2,1.0,0.78,0.734,0.0,77.5,True,
geom,G-a305-f55-n16-t4.0,305,55,16,4.0,0,1923,1923,91,16/16,53.5,0.156,0.0,35.9,0.45,0,35.9,False,0.85,0.0,1.2,1.0,0.91,0.773,0.0,78.6,True,
geom,G-a305-f55-n20-t2.5,305,55,20,2.5,0,2273,2273,90,20/20,53.5,0.156,0.0,81.8,0.72,0,81.8,False,0.76,0.0,1.2,1.0,0.75,0.725,0.0,77.3,True,
geom,G-a305-f55-n20-t3.0,305,55,20,3.0,0,2372,2372,91,20/20,53.5,0.156,0.0,61.0,0.61,0,61.0,False,0.797,0.0,1.2,1.0,0.84,0.752,0.0,78.0,True,
geom,G-a305-f55-n20-t3.5,305,55,20,3.5,0,2471,2471,90,20/20,53.5,0.156,0.0,45.5,0.57,0,45.5,False,0.81,0.0,1.2,1.0,1.0,0.8,0.0,79.3,True,
geom,G-a305-f55-n20-t4.0,305,55,20,4.0,0,2571,2571,90,20/20,53.5,0.156,0.0,48.1,0.45,0,48.1,False,0.85,0.0,1.2,1.0,1.0,0.8,0.0,79.3,True,
geom,G-a305-f55-n24-t2.5,305,55,24,2.5,0,2853,2853,90,24/24,53.5,0.156,0.0,105.3,0.72,0,105.3,False,0.76,0.0,1.2,1.0,0.88,0.764,0.0,78.3,True,
geom,G-a305-f55-n24-t3.0,305,55,24,3.0,0,2998,2998,91,24/24,53.5,0.156,0.0,72.9,0.61,0,72.9,False,0.797,0.0,1.2,1.0,1.0,0.8,0.0,79.3,True,
geom,G-a305-f55-n24-t3.5,305,55,24,3.5,0,3142,3142,90,24/24,53.5,0.156,0.0,143.7,1.25,0,143.7,False,0.583,0.0,1.2,1.0,1.0,0.8,0.0,79.3,True,
geom,G-a305-f55-n24-t4.0,305,55,24,4.0,0,3287,3287,90,24/24,53.5,0.156,0.0,497.9,3.71,3,497.9,True,0.0,0.0,1.2,1.0,1.0,0.8,0.0,79.3,False,emergent_wall: measured fill 3.71 ft > 3.0 ft
geom,G-a305-f55-n28-t2.5,305,55,28,2.5,0,3476,3476,90,28/28,53.5,0.156,0.0,157.4,0.74,0,157.4,False,0.753,0.0,1.2,1.0,1.0,0.8,0.0,79.3,True,
geom,G-a305-f55-n28-t3.0,305,55,28,3.0,0,3674,3674,90,28/28,53.5,0.156,0.0,196.6,1.59,1,196.6,False,0.47,0.0,1.2,1.0,1.0,0.8,0.0,79.3,True,
geom,G-a305-f55-n28-t3.5,305,55,28,3.5,0,3872,3872,90,28/28,53.5,0.156,0.0,714.9,4.54,4,714.9,True,0.0,0.0,1.2,1.0,1.0,0.8,0.0,79.3,False,emergent_wall: measured fill 4.54 ft > 3.0 ft
geom,G-a305-f55-n28-t4.0,305,55,28,4.0,0,4070,4070,90,28/28,53.5,0.156,0.0,1794.0,7.72,7,1794.0,True,0.0,0.0,1.2,1.0,1.0,0.8,0.0,79.3,False,emergent_wall: measured fill 7.72 ft > 3.0 ft
geom,G-a305-f60-n12-t2.5,305,60,12,2.5,0,1351,1351,91,12/12,53.5,0.156,0.0,56.5,0.56,0,56.5,False,0.813,0.0,1.2,1.0,0.75,0.725,0.0,75.1,True,
geom,G-a305-f60-n12-t3.0,305,60,12,3.0,0,1389,1389,91,12/12,53.5,0.156,0.0,40.9,0.54,0,40.9,False,0.82,0.0,1.2,1.0,0.75,0.725,0.0,75.2,True,
geom,G-a305-f60-n12-t3.5,305,60,12,3.5,0,1428,1428,90,12/12,53.5,0.156,0.0,23.8,0.49,0,23.8,False,0.837,0.0,1.2,1.0,0.75,0.725,0.0,75.4,True,
geom,G-a305-f60-n12-t4.0,305,60,12,4.0,0,1464,1464,91,12/12,53.5,0.156,0.0,27.0,0.49,0,27.0,False,0.837,0.0,1.2,1.0,0.75,0.725,0.0,75.5,True,
geom,G-a305-f60-n16-t2.5,305,60,16,2.5,0,1893,1893,91,16/16,53.5,0.156,0.0,58.1,0.56,0,58.1,False,0.813,0.0,1.2,1.0,0.75,0.725,0.0,76.7,True,
geom,G-a305-f60-n16-t3.0,305,60,16,3.0,0,1961,1961,91,16/16,53.5,0.156,0.0,42.1,0.54,0,42.1,False,0.82,0.0,1.2,1.0,0.75,0.725,0.0,76.7,True,
geom,G-a305-f60-n16-t3.5,305,60,16,3.5,0,2032,2032,90,16/16,53.5,0.156,0.0,24.9,0.49,0,24.9,False,0.837,0.0,1.2,1.0,0.78,0.734,0.0,76.9,True,
geom,G-a305-f60-n16-t4.0,305,60,16,4.0,0,2099,2099,90,16/16,53.5,0.156,0.0,29.6,0.49,0,29.6,False,0.837,0.0,1.2,1.0,0.88,0.764,0.0,77.7,True,
geom,G-a305-f60-n20-t2.5,305,60,20,2.5,0,2480,2480,91,20/20,53.5,0.156,0.0,60.7,0.56,0,60.7,False,0.813,0.0,1.2,1.0,0.75,0.725,0.0,76.7,True,
geom,G-a305-f60-n20-t3.0,305,60,20,3.0,0,2589,2589,91,20/20,53.5,0.156,0.0,56.1,0.54,0,56.1,False,0.82,0.0,1.2,1.0,0.81,0.743,0.0,77.2,True,
geom,G-a305-f60-n20-t3.5,305,60,20,3.5,0,2700,2700,90,20/20,53.5,0.156,0.0,32.6,0.49,0,32.6,False,0.837,0.0,1.2,1.0,0.97,0.791,0.0,78.4,True,
geom,G-a305-f60-n20-t4.0,305,60,20,4.0,0,2807,2807,90,20/20,53.5,0.156,0.0,55.4,0.49,0,55.4,False,0.837,0.0,1.2,1.0,1.0,0.8,0.0,78.7,True,
geom,G-a305-f60-n24-t2.5,305,60,24,2.5,0,3114,3114,91,24/24,53.5,0.156,0.0,73.0,0.56,0,73.0,False,0.813,0.0,1.2,1.0,0.81,0.743,0.0,77.2,True,
geom,G-a305-f60-n24-t3.0,305,60,24,3.0,0,3272,3272,91,24/24,53.5,0.156,0.0,87.4,0.54,0,87.4,False,0.82,0.0,1.2,1.0,1.0,0.8,0.0,78.7,True,
geom,G-a305-f60-n24-t3.5,305,60,24,3.5,0,3432,3432,90,24/24,53.5,0.156,0.0,172.8,1.42,0,172.8,False,0.527,0.0,1.2,1.0,1.0,0.8,0.0,78.7,True,
geom,G-a305-f60-n24-t4.0,305,60,24,4.0,0,3588,3588,90,24/24,53.5,0.156,0.0,569.9,3.83,3,569.9,True,0.0,0.0,1.2,1.0,1.0,0.8,0.0,78.7,False,emergent_wall: measured fill 3.83 ft > 3.0 ft
geom,G-a305-f60-n28-t2.5,305,60,28,2.5,0,3793,3793,90,28/28,53.5,0.156,0.0,130.9,0.72,0,130.9,False,0.76,0.0,1.2,1.0,1.0,0.8,0.0,78.7,True,
geom,G-a305-f60-n28-t3.0,305,60,28,3.0,0,4010,4010,90,28/28,53.5,0.156,0.0,245.0,1.89,1,245.0,False,0.37,0.0,1.2,1.0,1.0,0.8,0.0,78.7,True,
geom,G-a305-f60-n28-t3.5,305,60,28,3.5,0,4228,4228,90,28/28,53.5,0.156,0.0,865.7,5.12,4,865.7,True,0.0,0.0,1.2,1.0,1.0,0.8,0.0,78.7,False,emergent_wall: measured fill 5.12 ft > 3.0 ft
geom,G-a305-f60-n28-t4.0,305,60,28,4.0,0,4442,4442,90,28/28,53.5,0.156,0.0,2043.0,8.07,7,2043.0,True,0.0,0.0,1.2,1.0,1.0,0.8,0.0,78.7,False,emergent_wall: measured fill 8.07 ft > 3.0 ft
geom,G-a305-f65-n12-t2.5,305,65,12,2.5,0,1464,1464,91,12/12,53.5,0.156,0.0,77.7,0.59,0,77.7,False,0.803,0.0,1.2,1.0,0.75,0.725,0.0,75.0,True,
geom,G-a305-f65-n12-t3.0,305,65,12,3.0,0,1505,1505,91,12/12,53.5,0.156,0.0,44.7,0.47,0,44.7,False,0.843,0.0,1.2,1.0,0.75,0.725,0.0,75.2,True,
geom,G-a305-f65-n12-t3.5,305,65,12,3.5,0,1546,1546,90,12/12,53.5,0.156,0.0,31.3,0.47,0,31.3,False,0.843,0.0,1.2,1.0,0.75,0.725,0.0,75.3,True,
geom,G-a305-f65-n12-t4.0,305,65,12,4.0,0,1590,1590,91,12/12,53.5,0.156,0.0,34.1,0.51,0,34.1,False,0.83,0.0,1.2,1.0,0.75,0.725,0.0,75.5,True,
geom,G-a305-f65-n16-t2.5,305,65,16,2.5,0,2050,2050,91,16/16,53.5,0.156,0.0,79.4,0.59,0,79.4,False,0.803,0.0,1.2,1.0,0.75,0.725,0.0,76.3,True,
geom,G-a305-f65-n16-t3.0,305,65,16,3.0,0,2126,2126,91,16/16,53.5,0.156,0.0,45.6,0.47,0,45.6,False,0.843,0.0,1.2,1.0,0.75,0.725,0.0,76.3,True,
geom,G-a305-f65-n16-t3.5,305,65,16,3.5,0,2200,2200,90,16/16,53.5,0.156,0.0,44.0,0.47,0,44.0,False,0.843,0.0,1.2,1.0,0.78,0.734,0.0,76.5,True,
geom,G-a305-f65-n16-t4.0,305,65,16,4.0,0,2276,2276,91,16/16,53.5,0.156,0.0,35.5,0.51,0,35.5,False,0.83,0.0,1.2,1.0,0.84,0.752,0.0,77.0,True,
geom,G-a305-f65-n20-t2.5,305,65,20,2.5,0,2688,2688,91,20/20,53.5,0.156,0.0,95.5,0.59,0,95.5,False,0.803,0.0,1.2,1.0,0.75,0.725,0.0,76.3,True,
geom,G-a305-f65-n20-t3.0,305,65,20,3.0,0,2806,2806,90,20/20,53.5,0.156,0.0,96.1,0.67,0,96.1,False,0.777,0.0,1.2,1.0,0.81,0.743,0.0,76.7,True,
geom,G-a305-f65-n20-t3.5,305,65,20,3.5,0,2923,2923,90,20/20,53.5,0.156,0.0,57.0,0.47,0,57.0,False,0.843,0.0,1.2,1.0,0.94,0.782,0.0,77.8,True,
geom,G-a305-f65-n20-t4.0,305,65,20,4.0,0,3042,3042,91,20/20,53.5,0.156,0.0,78.2,0.79,0,78.2,False,0.737,0.0,1.2,1.0,1.0,0.8,0.0,78.2,True,
geom,G-a305-f65-n24-t2.5,305,65,24,2.5,0,3374,3374,91,24/24,53.5,0.156,0.0,148.2,0.59,0,148.2,False,0.803,0.0,1.2,1.0,0.81,0.743,0.0,76.7,True,
geom,G-a305-f65-n24-t3.0,305,65,24,3.0,0,3546,3546,90,24/24,53.5,0.156,0.0,120.7,0.67,0,120.7,False,0.777,0.0,1.2,1.0,0.97,0.791,0.0,78.0,True,
geom,G-a305-f65-n24-t3.5,305,65,24,3.5,0,3716,3716,90,24/24,53.5,0.156,0.0,199.1,1.5,0,199.1,False,0.5,0.0,1.2,1.0,1.0,0.8,0.0,78.2,True,
geom,G-a305-f65-n24-t4.0,305,65,24,4.0,0,3888,3888,90,24/24,53.5,0.156,0.0,747.9,4.39,3,747.9,True,0.0,0.0,1.2,1.0,1.0,0.8,0.0,78.2,False,emergent_wall: measured fill 4.39 ft > 3.0 ft
geom,G-a305-f65-n28-t2.5,305,65,28,2.5,0,4110,4110,90,28/28,53.5,0.156,0.0,236.8,0.99,0,236.8,False,0.67,0.0,1.2,1.0,0.94,0.782,0.0,77.8,True,
geom,G-a305-f65-n28-t3.0,305,65,28,3.0,0,4345,4345,90,28/28,53.5,0.156,0.0,305.0,2.03,1,305.0,False,0.323,0.0,1.2,1.0,1.0,0.8,0.0,78.2,True,
geom,G-a305-f65-n28-t3.5,305,65,28,3.5,0,4578,4578,90,28/28,53.5,0.156,0.0,986.0,5.26,4,986.0,True,0.0,0.0,1.2,1.0,1.0,0.8,0.0,78.2,False,emergent_wall: measured fill 5.26 ft > 3.0 ft
geom,G-a305-f65-n28-t4.0,305,65,28,4.0,0,4814,4814,90,28/28,53.5,0.156,0.0,2489.7,8.6,7,2489.7,True,0.0,0.0,1.2,1.0,1.0,0.8,0.0,78.2,False,emergent_wall: measured fill 8.60 ft > 3.0 ft
circuit,V0001,330,55.0,16,3.0,"Cut shallow bench at upper S/SSE rim, balance to",1797,1797,90,16/16,53.5,0.156,274.1,9.1,0.12,0,283.2,False,0.733,0.0,1.2,1.0,0.75,0.925,1.0,93.0,True,
circuit,V0002,330,55.0,16,3.0,"Cut shallow bench at upper S/SSE rim, balance to",1797,1797,90,16/16,53.5,0.156,274.1,9.1,0.12,0,283.2,False,0.733,0.0,1.2,1.0,0.75,0.925,1.0,93.0,True,
circuit,V0003,330,55.0,16,3.0,Three-regime slope regularization — higher-desig,1797,1797,90,16/16,53.1,0.157,144.8,22.0,0.19,0,166.8,False,0.793,0.0,1.2,1.0,0.75,0.925,0.81,92.1,True,
circuit,V0004,330,55.0,16,3.0,Per-row slope regularization via grade_ceiling o,1797,1797,90,16/16,62.6,0.133,806.1,19.9,0.27,0,826.0,True,0.0,0.0,1.2,1.0,0.75,0.925,0.19,48.7,False,"retaining_wall: wall trigger tripped (max_cut=7.9 ft, max_fill=0.6 ft, max_slope=0%)"
circuit,V0005,330,55.0,16,3.0,Per-row slope regularization via grade_ceiling o,1797,1797,90,16/16,62.6,0.133,488.3,20.4,0.27,0,508.7,True,0.0,0.0,1.2,1.0,0.75,0.925,0.19,51.1,False,"retaining_wall: wall trigger tripped (max_cut=4.0 ft, max_fill=0.6 ft, max_slope=0%)"
circuit,V0006,330,55.0,16,3.0,Per-row slope regularization via grade_ceiling o,1797,1797,90,16/16,62.6,0.133,283.5,20.2,0.27,0,303.7,False,0.4,0.0,1.2,1.0,0.75,0.925,0.19,85.0,True,
circuit,V0007,330,55.0,16,3.0,Per-row slope regularization via grade_ceiling o,1705,1797,90,15/16,57.8,0.144,234.6,15.1,0.21,0,249.7,False,0.6,0.0,1.2,1.0,0.75,0.925,0.31,85.9,False,sightlines: 1 row(s) fail 90 mm C-value
circuit,V0008,330,55.0,16,3.0,Per-row slope regularization via grade_ceiling o,1797,1797,91,16/16,57.8,0.144,241.8,14.9,0.17,0,256.7,False,0.4,0.0,1.2,1.0,0.75,0.925,0.19,85.3,True,
circuit,V0009,330,55.0,16,3.0,Cut-to-fill SE corner expansion. The south arc (,1797,1797,90,16/16,53.5,0.156,338.1,10.2,0.12,0,348.3,False,0.173,0.0,1.2,1.0,0.75,0.925,0.62,88.7,True,
